"url","Image","Image_alt","Image_link","Description 2","Description 2_link","Det News Date"
"https://www.merdeka.com/tag/kementerian-pupr/","https://cdns.klimg.com/merdeka.com/i/w/news/2019/01/24/1043317/250x125/menteri-pupr-tunggu-gubernur-sulawesi-tengah-beri-peta-zona-rawan-bencana-palu.jpg","Menteri PUPR Tunggu Gubernur Sulawesi Tengah Beri Peta Zona Rawan Bencana Palu","https://www.merdeka.com/peristiwa/menteri-pupr-tunggu-gubernur-sulawesi-tengah-beri-peta-zona-rawan-bencana-palu.html","Menteri PUPR Tunggu Gubernur Sulawesi Tengah Beri Peta Zona Rawan Bencana Palu","https://www.merdeka.com/peristiwa/menteri-pupr-tunggu-gubernur-sulawesi-tengah-beri-peta-zona-rawan-bencana-palu.html","Sekitar 4 Jam yang lalu"
"https://www.merdeka.com/tag/kementerian-pupr/","https://cdns.klimg.com/merdeka.com/i/w/news/2019/01/23/1042903/140x70/menteri-basuki-belum-terima-laporan-kerusakan-infrastruktur-akibat-banjir-di-sulsel.jpg","Menteri Basuki Belum Terima Laporan Kerusakan Infrastruktur Akibat Banjir di Sulsel","https://www.merdeka.com/uang/menteri-basuki-belum-terima-laporan-kerusakan-infrastruktur-akibat-banjir-di-sulsel.html","Menteri Basuki Belum Terima Laporan Kerusakan Infrastruktur Akibat Banjir di Sulsel","https://www.merdeka.com/uang/menteri-basuki-belum-terima-laporan-kerusakan-infrastruktur-akibat-banjir-di-sulsel.html","Sekitar 1 Hari yang lalu"
"https://www.merdeka.com/tag/kementerian-pupr/","https://cdns.klimg.com/merdeka.com/i/w/news/2019/01/22/1042530/140x70/wapres-jk-minta-menteri-pupr-buat-standarisasi-perumahan.jpeg","Wapres JK Minta Menteri PUPR Buat Standarisasi Perumahan","https://www.merdeka.com/uang/wapres-jk-minta-menteri-pupr-buat-standarisasi-perumahan.html","Wapres JK Minta Menteri PUPR Buat Standarisasi Perumahan","https://www.merdeka.com/uang/wapres-jk-minta-menteri-pupr-buat-standarisasi-perumahan.html","Sekitar 2 Hari yang lalu"
"https://www.merdeka.com/tag/kementerian-pupr/","https://cdns.klimg.com/merdeka.com/i/w/news/2019/01/21/1041981/140x70/suap-proyek-di-kementerian-pupr-kpk-periksa-mantan-dirjen-cipta-karya.jpg","Suap Proyek di Kementerian PUPR, KPK Periksa Mantan Dirjen Cipta Karya","https://www.merdeka.com/peristiwa/suap-proyek-di-kementerian-pupr-kpk-periksa-mantan-dirjen-cipta-karya.html","Suap Proyek di Kementerian PUPR, KPK Periksa Mantan Dirjen Cipta Karya","https://www.merdeka.com/peristiwa/suap-proyek-di-kementerian-pupr-kpk-periksa-mantan-dirjen-cipta-karya.html","Sekitar 3 Hari yang lalu"
"https://www.merdeka.com/tag/kementerian-pupr/","https://cdns.klimg.com/merdeka.com/i/w/news/2019/01/19/1041466/140x70/cegah-banjir-kementerian-pupr-normalisasi-sungai-di-bima.jpg","Cegah Banjir, Kementerian PUPR Normalisasi Sungai di Bima","https://www.merdeka.com/uang/cegah-banjir-kementerian-pupr-normalisasi-sungai-di-bima.html","Cegah Banjir, Kementerian PUPR Normalisasi Sungai di Bima","https://www.merdeka.com/uang/cegah-banjir-kementerian-pupr-normalisasi-sungai-di-bima.html","Sekitar 5 Hari yang lalu"
"https://www.merdeka.com/tag/kementerian-pupr/","https://cdns.klimg.com/merdeka.com/i/w/news/2019/01/15/1039848/140x70/kpk-periksa-2-saksi-terkait-kasus-suap-proyek-air-kementerian-pupr.jpg","KPK Periksa 2 Saksi Terkait Kasus Suap Proyek Air Kementerian PUPR","https://www.merdeka.com/peristiwa/kpk-periksa-2-saksi-terkait-kasus-suap-proyek-air-kementerian-pupr.html","KPK Periksa 2 Saksi Terkait Kasus Suap Proyek Air Kementerian PUPR","https://www.merdeka.com/peristiwa/kpk-periksa-2-saksi-terkait-kasus-suap-proyek-air-kementerian-pupr.html","Sekitar 1 Minggu yang lalu"
"https://www.merdeka.com/tag/kementerian-pupr/","https://cdns.klimg.com/merdeka.com/i/w/news/2019/01/15/1039843/140x70/hadapi-potensi-bencana-tsunami-pupr-dorong-pembangunan-tempa-evakuasi-sementara.jpg","Hadapi Potensi Bencana Tsunami, PUPR Dorong Pembangunan Tempat Evakuasi Sementara","https://www.merdeka.com/uang/hadapi-potensi-bencana-tsunami-pupr-dorong-pembangunan-tempa-evakuasi-sementara.html","Hadapi Potensi Bencana Tsunami, PUPR Dorong Pembangunan Tempat Evakuasi Sementara","https://www.merdeka.com/uang/hadapi-potensi-bencana-tsunami-pupr-dorong-pembangunan-tempa-evakuasi-sementara.html","Sekitar 1 Minggu yang lalu"
"https://www.merdeka.com/tag/kementerian-pupr/","https://cdns.klimg.com/merdeka.com/i/w/news/2019/01/09/1037276/140x70/pertama-kali-program-satu-juta-rumah-capai-target-di-2018.jpeg","Pertama Kali, Program Satu Juta Rumah Capai Target di 2018","https://www.merdeka.com/uang/pertama-kali-program-satu-juta-rumah-capai-target-di-2018.html","Pertama Kali, Program Satu Juta Rumah Capai Target di 2018","https://www.merdeka.com/uang/pertama-kali-program-satu-juta-rumah-capai-target-di-2018.html","Sekitar 2 Minggu yang lalu"
"https://www.merdeka.com/tag/kementerian-pupr/","https://cdns.klimg.com/merdeka.com/i/w/news/2019/01/08/1037043/140x70/kpk-periksa-kepala-satuan-kerja-spam-terkait-suap.jpg","KPK Periksa Kepala Satuan Kerja SPAM Terkait Suap","https://www.merdeka.com/foto/peristiwa/kpk-periksa-kepala-satuan-kerja-spam-terkait-suap.html","KPK Periksa Kepala Satuan Kerja SPAM Terkait Suap","https://www.merdeka.com/foto/peristiwa/kpk-periksa-kepala-satuan-kerja-spam-terkait-suap.html","Sekitar 2 Minggu yang lalu"
"https://www.merdeka.com/tag/kementerian-pupr/","https://cdns.klimg.com/merdeka.com/i/w/news/2019/01/03/1036084/140x70/menteri-basuki-tol-trans-jawa-dukung-peningkatan-daya-saing-global.jpg","Menteri Basuki: Tol Trans Jawa Dukung Peningkatan Daya Saing Global","https://www.merdeka.com/uang/menteri-basuki-tol-trans-jawa-dukung-peningkatan-daya-saing-global.html","Menteri Basuki: Tol Trans Jawa Dukung Peningkatan Daya Saing Global","https://www.merdeka.com/uang/menteri-basuki-tol-trans-jawa-dukung-peningkatan-daya-saing-global.html","Sekitar 3 Minggu yang lalu"
"https://www.merdeka.com/tag/kementerian-pupr/","https://cdns.klimg.com/merdeka.com/i/w/news/2019/01/03/1036070/140x70/jokowi-pemerintah-rehabilitasi-3-juta-hektare-irigasi-primer.jpg","Jokowi: Pemerintah Rehabilitasi 3 Juta Hektare Irigasi Primer","https://www.merdeka.com/uang/jokowi-pemerintah-rehabilitasi-3-juta-hektare-irigasi-primer.html","Jokowi: Pemerintah Rehabilitasi 3 Juta Hektare Irigasi Primer","https://www.merdeka.com/uang/jokowi-pemerintah-rehabilitasi-3-juta-hektare-irigasi-primer.html","Sekitar 3 Minggu yang lalu"
"https://www.merdeka.com/tag/kementerian-pupr/","https://cdns.klimg.com/merdeka.com/i/w/news/2018/12/30/1035334/140x70/kementerian-pupr-ganti-pejabat-yang-kena-ott-kpk-terkait-kasus-suap.jpeg","Kementerian PUPR Ganti Pejabat yang Kena OTT KPK Terkait Kasus Suap","https://www.merdeka.com/peristiwa/kementerian-pupr-ganti-pejabat-yang-kena-ott-kpk-terkait-kasus-suap.html","Kementerian PUPR Ganti Pejabat yang Kena OTT KPK Terkait Kasus Suap","https://www.merdeka.com/peristiwa/kementerian-pupr-ganti-pejabat-yang-kena-ott-kpk-terkait-kasus-suap.html","Sekitar 3 Minggu yang lalu"
"https://www.merdeka.com/tag/kementerian-pupr/","https://cdns.klimg.com/merdeka.com/i/w/news/2018/12/30/1035288/140x70/2019-infrastruktur-kerakyatan-tetap-jadi-prioritas-pemerintah.jpg","2019, Infrastruktur Kerakyatan Tetap Jadi Prioritas Pemerintah","https://www.merdeka.com/uang/2019-infrastruktur-kerakyatan-tetap-jadi-prioritas-pemerintah.html","2019, Infrastruktur Kerakyatan Tetap Jadi Prioritas Pemerintah","https://www.merdeka.com/uang/2019-infrastruktur-kerakyatan-tetap-jadi-prioritas-pemerintah.html","Sekitar 3 Minggu yang lalu"
"https://www.merdeka.com/tag/kementerian-pupr/","https://cdns.klimg.com/merdeka.com/i/w/news/2018/12/29/1035203/140x70/ini-jumlah-uang-sitaan-kpk-hasil-ott-pejabat-kementerian-pupr.jpg","Ini Jumlah Uang Sitaan KPK Hasil OTT Pejabat Kementerian PUPR","https://www.merdeka.com/peristiwa/ini-jumlah-uang-sitaan-kpk-hasil-ott-pejabat-kementerian-pupr.html","Ini Jumlah Uang Sitaan KPK Hasil OTT Pejabat Kementerian PUPR","https://www.merdeka.com/peristiwa/ini-jumlah-uang-sitaan-kpk-hasil-ott-pejabat-kementerian-pupr.html","Sekitar 3 Minggu yang lalu"
"https://www.merdeka.com/tag/kementerian-pupr/","https://cdns.klimg.com/merdeka.com/i/w/news/2018/12/29/1035106/140x70/menteri-pupr-sebut-kantor-digeledah-kpk-satker-spam-di-pejompongan.jpeg","Menteri PUPR Sebut Kantor Digeledah KPK Satker SPAM di Pejompongan","https://www.merdeka.com/uang/menteri-pupr-sebut-kantor-digeledah-kpk-satker-spam-di-pejompongan.html","Menteri PUPR Sebut Kantor Digeledah KPK Satker SPAM di Pejompongan","https://www.merdeka.com/uang/menteri-pupr-sebut-kantor-digeledah-kpk-satker-spam-di-pejompongan.html","Sekitar 3 Minggu yang lalu"
"https://www.merdeka.com/tag/kementerian-pupr/","https://cdns.klimg.com/merdeka.com/i/w/news/2018/12/29/1035103/140x70/menteri-basuki-duga-ott-kementerian-pupr-buntut-lelang-proyek-penyediaan-air-minum.jpeg","Menteri Basuki Duga OTT Kementerian PUPR Buntut Lelang Proyek Penyediaan Air Minum","https://www.merdeka.com/uang/menteri-basuki-duga-ott-kementerian-pupr-buntut-lelang-proyek-penyediaan-air-minum.html","Menteri Basuki Duga OTT Kementerian PUPR Buntut Lelang Proyek Penyediaan Air Minum","https://www.merdeka.com/uang/menteri-basuki-duga-ott-kementerian-pupr-buntut-lelang-proyek-penyediaan-air-minum.html","Sekitar 3 Minggu yang lalu"
"https://www.merdeka.com/tag/kementerian-pupr/","https://cdns.klimg.com/merdeka.com/i/w/news/2018/12/29/1035100/140x70/kpk-duga-suap-proyek-air-daerah-bencana-di-kementerian-pupr-bukan-pertama-kali.jpg","KPK Duga Suap Proyek Air Daerah Bencana di Kementerian PUPR Bukan Pertama Kali","https://www.merdeka.com/peristiwa/kpk-duga-suap-proyek-air-daerah-bencana-di-kementerian-pupr-bukan-pertama-kali.html","KPK Duga Suap Proyek Air Daerah Bencana di Kementerian PUPR Bukan Pertama Kali","https://www.merdeka.com/peristiwa/kpk-duga-suap-proyek-air-daerah-bencana-di-kementerian-pupr-bukan-pertama-kali.html","Sekitar 3 Minggu yang lalu"
"https://www.merdeka.com/tag/kementerian-pupr/","https://cdns.klimg.com/merdeka.com/i/w/news/2018/12/29/1035099/140x70/anak-buah-kena-ott-menteri-pupr-tunggu-penjelasan-kpk.jpg","Anak Buah Kena OTT, Menteri PUPR Tunggu Penjelasan KPK","https://www.merdeka.com/uang/anak-buah-kena-ott-menteri-pupr-tunggu-penjelasan-kpk.html","Anak Buah Kena OTT, Menteri PUPR Tunggu Penjelasan KPK","https://www.merdeka.com/uang/anak-buah-kena-ott-menteri-pupr-tunggu-penjelasan-kpk.html","Sekitar 3 Minggu yang lalu"
"https://www.merdeka.com/tag/kementerian-pupr/","https://cdns.klimg.com/merdeka.com/i/w/news/2018/12/28/1035094/140x70/irjen-kementerian-pupr-datangi-kpk-konfirmasi-ott-sejumlah-pejabat.png","Irjen Kementerian PUPR Datangi KPK Konfirmasi OTT Sejumlah Pejabat","https://www.merdeka.com/peristiwa/irjen-kementerian-pupr-datangi-kpk-konfirmasi-ott-sejumlah-pejabat.html","Irjen Kementerian PUPR Datangi KPK Konfirmasi OTT Sejumlah Pejabat","https://www.merdeka.com/peristiwa/irjen-kementerian-pupr-datangi-kpk-konfirmasi-ott-sejumlah-pejabat.html","Sekitar 3 Minggu yang lalu"
"https://www.merdeka.com/tag/kementerian-pupr/","https://cdns.klimg.com/merdeka.com/i/w/news/2018/12/28/1035090/140x70/ott-kementerian-pupr-kpk-sita-rp-500-juta-sgd-25-ribu-sekardus-uang.jpg","OTT Kementerian PUPR, KPK Sita Rp 500 Juta, SGD 25 Ribu & Sekardus Uang","https://www.merdeka.com/peristiwa/ott-kementerian-pupr-kpk-sita-rp-500-juta-sgd-25-ribu-sekardus-uang.html","OTT Kementerian PUPR, KPK Sita Rp 500 Juta, SGD 25 Ribu & Sekardus Uang","https://www.merdeka.com/peristiwa/ott-kementerian-pupr-kpk-sita-rp-500-juta-sgd-25-ribu-sekardus-uang.html","Sekitar 3 Minggu yang lalu"
"https://www.merdeka.com/tag/kementerian-pupr/index2/","https://cdns.klimg.com/merdeka.com/i/w/news/2018/12/28/1035089/250x125/ott-kementerian-pupr-terkait-proyek-penyediaan-air-minum-untuk-bencana.jpg","OTT Kementerian PUPR Terkait Proyek Penyediaan Air Minum Untuk Bencana?","https://www.merdeka.com/peristiwa/ott-kementerian-pupr-terkait-proyek-penyediaan-air-minum-untuk-bencana.html","OTT Kementerian PUPR Terkait Proyek Penyediaan Air Minum Untuk Bencana?","https://www.merdeka.com/peristiwa/ott-kementerian-pupr-terkait-proyek-penyediaan-air-minum-untuk-bencana.html","Sekitar 3 Minggu yang lalu"
"https://www.merdeka.com/tag/kementerian-pupr/index2/","https://cdns.klimg.com/merdeka.com/i/w/news/2018/12/28/1035086/140x70/ott-pejabat-kementerian-pupr-diduga-terkait-proyek-penyediaan-air-minum.jpg","OTT Pejabat Kementerian PUPR Diduga Terkait Proyek Penyediaan Air Minum","https://www.merdeka.com/peristiwa/ott-pejabat-kementerian-pupr-diduga-terkait-proyek-penyediaan-air-minum.html","OTT Pejabat Kementerian PUPR Diduga Terkait Proyek Penyediaan Air Minum","https://www.merdeka.com/peristiwa/ott-pejabat-kementerian-pupr-diduga-terkait-proyek-penyediaan-air-minum.html","Sekitar 3 Minggu yang lalu"
"https://www.merdeka.com/tag/kementerian-pupr/index2/","https://cdns.klimg.com/merdeka.com/i/w/news/2018/12/28/1035084/140x70/ott-pejabat-kementerian-pupr-kpk-tangkap-20-orang.jpg","OTT Pejabat Kementerian PUPR, KPK Tangkap 20 Orang","https://www.merdeka.com/peristiwa/ott-pejabat-kementerian-pupr-kpk-tangkap-20-orang.html","OTT Pejabat Kementerian PUPR, KPK Tangkap 20 Orang","https://www.merdeka.com/peristiwa/ott-pejabat-kementerian-pupr-kpk-tangkap-20-orang.html","Sekitar 3 Minggu yang lalu"
"https://www.merdeka.com/tag/kementerian-pupr/index2/","https://cdns.klimg.com/merdeka.com/i/w/news/2018/12/28/1035081/140x70/ott-pejabat-kementerian-pupr-kpk-amankan-4-orang-dan-sita-dolar-singapura.jpg","OTT Pejabat Kementerian PUPR, KPK Amankan 4 Orang dan Sita Dolar Singapura","https://www.merdeka.com/peristiwa/ott-pejabat-kementerian-pupr-kpk-amankan-4-orang-dan-sita-dolar-singapura.html","OTT Pejabat Kementerian PUPR, KPK Amankan 4 Orang dan Sita Dolar Singapura","https://www.merdeka.com/peristiwa/ott-pejabat-kementerian-pupr-kpk-amankan-4-orang-dan-sita-dolar-singapura.html","Sekitar 3 Minggu yang lalu"
"https://www.merdeka.com/tag/kementerian-pupr/index2/","https://cdns.klimg.com/merdeka.com/i/w/news/2018/12/28/1035071/140x70/kpk-dikabarkan-tangkap-pejabat-kementerian-pupr.jpg","KPK Dikabarkan Tangkap Pejabat Kementerian PUPR","https://www.merdeka.com/peristiwa/kpk-dikabarkan-tangkap-pejabat-kementerian-pupr.html","KPK Dikabarkan Tangkap Pejabat Kementerian PUPR","https://www.merdeka.com/peristiwa/kpk-dikabarkan-tangkap-pejabat-kementerian-pupr.html","Sekitar 3 Minggu yang lalu"
"https://www.merdeka.com/tag/kementerian-pupr/index2/","https://cdns.klimg.com/merdeka.com/i/w/news/2018/12/27/1034741/140x70/pupr-ada-sekitar-600-rumah-di-banten-dan-lampung-yang-harus-diperbaiki.jpg","PUPR: Ada Sekitar 600 Rumah di Banten dan Lampung yang Harus Diperbaiki","https://www.merdeka.com/uang/pupr-ada-sekitar-600-rumah-di-banten-dan-lampung-yang-harus-diperbaiki.html","PUPR: Ada Sekitar 600 Rumah di Banten dan Lampung yang Harus Diperbaiki","https://www.merdeka.com/uang/pupr-ada-sekitar-600-rumah-di-banten-dan-lampung-yang-harus-diperbaiki.html","Sekitar 4 Minggu yang lalu"
"https://www.merdeka.com/tag/kementerian-pupr/index2/","https://cdns.klimg.com/merdeka.com/i/w/news/2018/12/27/1034691/140x70/flyover-cengkareng-bukan-retak-pemerintah-bilang-sedang-proses-pemeliharaan.jpeg","Flyover Cengkareng Bukan Retak, Pemerintah Bilang Sedang Proses Pemeliharaan","https://www.merdeka.com/uang/flyover-cengkareng-bukan-retak-pemerintah-bilang-sedang-proses-pemeliharaan.html","Flyover Cengkareng Bukan Retak, Pemerintah Bilang Sedang Proses Pemeliharaan","https://www.merdeka.com/uang/flyover-cengkareng-bukan-retak-pemerintah-bilang-sedang-proses-pemeliharaan.html","Sekitar 4 Minggu yang lalu"
"https://www.merdeka.com/tag/kementerian-pupr/index2/","https://cdns.klimg.com/merdeka.com/i/w/news/2018/12/27/1034688/140x70/kabar-jalan-tol-salatiga-kartasura-ambrol-hoaks-ini-faktanya.jpg","Kabar Jalan Tol Salatiga-Kartasura Ambrol Hoaks, Ini Faktanya","https://www.merdeka.com/uang/kabar-jalan-tol-salatiga-kartasura-ambrol-hoaks-ini-faktanya.html","Kabar Jalan Tol Salatiga-Kartasura Ambrol Hoaks, Ini Faktanya","https://www.merdeka.com/uang/kabar-jalan-tol-salatiga-kartasura-ambrol-hoaks-ini-faktanya.html","Sekitar 4 Minggu yang lalu"
"https://www.merdeka.com/tag/kementerian-pupr/index2/","https://cdns.klimg.com/merdeka.com/i/w/news/2018/12/27/1034667/140x70/cetak-tenaga-kerja-terampil-kementerian-pu-pr-bareng-undip-dirikan-politeknik.jpg","Cetak Tenaga Kerja Terampil, Kementerian PU-PR Bareng Undip Dirikan Politeknik","https://www.merdeka.com/uang/cetak-tenaga-kerja-terampil-kementerian-pu-pr-bareng-undip-dirikan-politeknik.html","Cetak Tenaga Kerja Terampil, Kementerian PU-PR Bareng Undip Dirikan Politeknik","https://www.merdeka.com/uang/cetak-tenaga-kerja-terampil-kementerian-pu-pr-bareng-undip-dirikan-politeknik.html","Sekitar 4 Minggu yang lalu"
"https://www.merdeka.com/tag/kementerian-pupr/index2/","https://cdns.klimg.com/merdeka.com/i/w/news/2018/12/26/1034504/140x70/pupr-distribusikan-4000-liter-air-bersih-ke-pengungsian-tsunami-banten.jpg","PUPR Distribusikan 4.000 Liter Air Bersih ke Pengungsian Tsunami Banten","https://www.merdeka.com/peristiwa/pupr-distribusikan-4000-liter-air-bersih-ke-pengungsian-tsunami-banten.html","PUPR Distribusikan 4.000 Liter Air Bersih ke Pengungsian Tsunami Banten","https://www.merdeka.com/peristiwa/pupr-distribusikan-4000-liter-air-bersih-ke-pengungsian-tsunami-banten.html","Sekitar 4 Minggu yang lalu"
"https://www.merdeka.com/tag/kementerian-pupr/index2/","https://cdns.klimg.com/merdeka.com/i/w/news/2018/12/26/1034502/140x70/pengadaan-tanah-2-bendungan-pengendali-banjir-jakarta-capai-rp-145-t.jpg","Pengadaan Tanah 2 Bendungan Pengendali Banjir Jakarta Capai Rp 1,45 T","https://www.merdeka.com/uang/pengadaan-tanah-2-bendungan-pengendali-banjir-jakarta-capai-rp-145-t.html","Pengadaan Tanah 2 Bendungan Pengendali Banjir Jakarta Capai Rp 1,45 T","https://www.merdeka.com/uang/pengadaan-tanah-2-bendungan-pengendali-banjir-jakarta-capai-rp-145-t.html","Sekitar 4 Minggu yang lalu"
"https://www.merdeka.com/tag/kementerian-pupr/index2/","https://cdns.klimg.com/merdeka.com/i/w/news/2018/12/26/1034434/140x70/pembebasan-lahan-2-bendungan-penahan-banjir-jakarta-terkendala-vila.jpg","Pembebasan Lahan 2 Bendungan Penahan Banjir Jakarta Terkendala Vila","https://www.merdeka.com/uang/pembebasan-lahan-2-bendungan-penahan-banjir-jakarta-terkendala-vila.html","Pembebasan Lahan 2 Bendungan Penahan Banjir Jakarta Terkendala Vila","https://www.merdeka.com/uang/pembebasan-lahan-2-bendungan-penahan-banjir-jakarta-terkendala-vila.html","Sekitar 4 Minggu yang lalu"
"https://www.merdeka.com/tag/kementerian-pupr/index2/","https://cdns.klimg.com/merdeka.com/i/w/news/2018/12/25/1034350/140x70/pemerintah-akan-bangun-rumah-korban-tsunami-lampung.jpg","Pemerintah Akan Bangun Rumah Korban Tsunami Lampung","https://www.merdeka.com/peristiwa/pemerintah-akan-bangun-rumah-korban-tsunami-lampung.html","Pemerintah Akan Bangun Rumah Korban Tsunami Lampung","https://www.merdeka.com/peristiwa/pemerintah-akan-bangun-rumah-korban-tsunami-lampung.html","Sekitar 4 Minggu yang lalu"
"https://www.merdeka.com/tag/kementerian-pupr/index2/","https://cdns.klimg.com/merdeka.com/i/w/news/2018/12/24/1034181/140x70/gerak-cepat-pemerintah-tangani-tsunami-banten.jpg","Gerak Cepat Pemerintah Tangani Tsunami Banten","https://www.merdeka.com/peristiwa/gerak-cepat-pemerintah-tangani-tsunami-banten.html","Gerak Cepat Pemerintah Tangani Tsunami Banten","https://www.merdeka.com/peristiwa/gerak-cepat-pemerintah-tangani-tsunami-banten.html","Sekitar 1 Bulan yang lalu"
"https://www.merdeka.com/tag/kementerian-pupr/index2/","https://cdns.klimg.com/merdeka.com/i/w/news/2018/12/24/1034100/140x70/menteri-basuki-soal-tsunami-selat-sunda-tidak-banyak-infrastruktur-terdampak.jpg","Menteri Basuki soal Tsunami Selat Sunda: Tidak Banyak Infrastruktur Terdampak","https://www.merdeka.com/uang/menteri-basuki-soal-tsunami-selat-sunda-tidak-banyak-infrastruktur-terdampak.html","Menteri Basuki soal Tsunami Selat Sunda: Tidak Banyak Infrastruktur Terdampak","https://www.merdeka.com/uang/menteri-basuki-soal-tsunami-selat-sunda-tidak-banyak-infrastruktur-terdampak.html","Sekitar 1 Bulan yang lalu"
"https://www.merdeka.com/tag/kementerian-pupr/index2/","https://cdns.klimg.com/merdeka.com/i/w/news/2018/12/24/1034076/140x70/kementerian-pupr-resmi-tunjuk-25-bank-penyalur-kredit-flpp-di-2019.jpg","Kementerian PUPR Resmi Tunjuk 25 Bank Penyalur Kredit FLPP di 2019","https://www.merdeka.com/uang/kementerian-pupr-resmi-tunjuk-25-bank-penyalur-kredit-flpp-di-2019.html","Kementerian PUPR Resmi Tunjuk 25 Bank Penyalur Kredit FLPP di 2019","https://www.merdeka.com/uang/kementerian-pupr-resmi-tunjuk-25-bank-penyalur-kredit-flpp-di-2019.html","Sekitar 1 Bulan yang lalu"
"https://www.merdeka.com/tag/kementerian-pupr/index2/","https://cdns.klimg.com/merdeka.com/i/w/news/2018/12/23/1034042/140x70/tanggap-darurat-tsunami-selat-sunda-kementerian-pupr-kerahkan-alat-berat.jpg","Tanggap Darurat Tsunami Selat Sunda, Kementerian PUPR Kerahkan Alat Berat","https://www.merdeka.com/peristiwa/tanggap-darurat-tsunami-selat-sunda-kementerian-pupr-kerahkan-alat-berat.html","Tanggap Darurat Tsunami Selat Sunda, Kementerian PUPR Kerahkan Alat Berat","https://www.merdeka.com/peristiwa/tanggap-darurat-tsunami-selat-sunda-kementerian-pupr-kerahkan-alat-berat.html","Sekitar 1 Bulan yang lalu"
"https://www.merdeka.com/tag/kementerian-pupr/index2/","https://cdns.klimg.com/merdeka.com/i/w/news/2018/12/23/1034024/140x70/menteri-pupr-targetkan-pendataan-bangunan-rusak-akibat-tsunami-banten-selesai-5-hari.jpg","Menteri PUPR Targetkan Pendataan Bangunan Rusak Akibat Tsunami Banten Selesai 5 Hari","https://www.merdeka.com/peristiwa/menteri-pupr-targetkan-pendataan-bangunan-rusak-akibat-tsunami-banten-selesai-5-hari.html","Menteri PUPR Targetkan Pendataan Bangunan Rusak Akibat Tsunami Banten Selesai 5 Hari","https://www.merdeka.com/peristiwa/menteri-pupr-targetkan-pendataan-bangunan-rusak-akibat-tsunami-banten-selesai-5-hari.html","Sekitar 1 Bulan yang lalu"
"https://www.merdeka.com/tag/kementerian-pupr/index2/","https://cdns.klimg.com/merdeka.com/i/w/news/2018/12/23/1034015/140x70/menteri-pupr-tinjau-lokasi-tsunami-banten.jpg","Menteri PUPR Tinjau Lokasi Tsunami Banten","https://www.merdeka.com/peristiwa/menteri-pupr-tinjau-lokasi-tsunami-banten.html","Menteri PUPR Tinjau Lokasi Tsunami Banten","https://www.merdeka.com/peristiwa/menteri-pupr-tinjau-lokasi-tsunami-banten.html","Sekitar 1 Bulan yang lalu"
"https://www.merdeka.com/tag/kementerian-pupr/index2/","https://cdns.klimg.com/merdeka.com/i/w/news/2018/12/22/1033784/140x70/pupr-resmi-gandeng-25-bank-penyalur-kpr-subsidi.jpeg","PUPR Resmi Gandeng 25 Bank Penyalur KPR Subsidi","https://www.merdeka.com/uang/pupr-resmi-gandeng-25-bank-penyalur-kpr-subsidi.html","PUPR Resmi Gandeng 25 Bank Penyalur KPR Subsidi","https://www.merdeka.com/uang/pupr-resmi-gandeng-25-bank-penyalur-kpr-subsidi.html","Sekitar 1 Bulan yang lalu"
"https://www.merdeka.com/tag/kementerian-pupr/index3/","https://cdns.klimg.com/merdeka.com/i/w/news/2018/12/21/1033667/250x125/skema-kpr-untuk-golongan-milenial-ditarget-terbit-awal-2019.jpeg","Skema KPR untuk Golongan Milenial Ditarget Terbit Awal 2019","https://www.merdeka.com/uang/skema-kpr-untuk-golongan-milenial-ditarget-terbit-awal-2019.html","Skema KPR untuk Golongan Milenial Ditarget Terbit Awal 2019","https://www.merdeka.com/uang/skema-kpr-untuk-golongan-milenial-ditarget-terbit-awal-2019.html","Sekitar 1 Bulan yang lalu"
"https://www.merdeka.com/tag/kementerian-pupr/index3/","https://cdns.klimg.com/merdeka.com/i/w/news/2018/12/21/1033647/140x70/perluas-skema-flpp-menteri-basuki-ingin-milenial-bisa-punya-rumah.jpg","Perluas Skema FLPP, Menteri Basuki Ingin Milenial Bisa Punya Rumah","https://www.merdeka.com/uang/perluas-skema-flpp-menteri-basuki-ingin-milenial-bisa-punya-rumah.html","Perluas Skema FLPP, Menteri Basuki Ingin Milenial Bisa Punya Rumah","https://www.merdeka.com/uang/perluas-skema-flpp-menteri-basuki-ingin-milenial-bisa-punya-rumah.html","Sekitar 1 Bulan yang lalu"
"https://www.merdeka.com/tag/kementerian-pupr/index3/","https://cdns.klimg.com/merdeka.com/i/w/news/2018/12/21/1033609/140x70/pupr-gandeng-25-bank-salurkan-dana-flpp-di-2019.jpeg","PUPR Gandeng 25 Bank Salurkan Dana FLPP di 2019","https://www.merdeka.com/uang/pupr-gandeng-25-bank-salurkan-dana-flpp-di-2019.html","PUPR Gandeng 25 Bank Salurkan Dana FLPP di 2019","https://www.merdeka.com/uang/pupr-gandeng-25-bank-salurkan-dana-flpp-di-2019.html","Sekitar 1 Bulan yang lalu"
"https://www.merdeka.com/tag/kementerian-pupr/index3/","https://cdns.klimg.com/merdeka.com/i/w/news/2018/12/21/1033538/140x70/kementerian-pupr-dapat-pembiayaan-lewat-sbsn-rp-127-triliun-di-2018.jpg","Kementerian PUPR Dapat Pembiayaan Lewat SBSN Rp 12,7 Triliun di 2018","https://www.merdeka.com/uang/kementerian-pupr-dapat-pembiayaan-lewat-sbsn-rp-127-triliun-di-2018.html","Kementerian PUPR Dapat Pembiayaan Lewat SBSN Rp 12,7 Triliun di 2018","https://www.merdeka.com/uang/kementerian-pupr-dapat-pembiayaan-lewat-sbsn-rp-127-triliun-di-2018.html","Sekitar 1 Bulan yang lalu"
"https://www.merdeka.com/tag/kementerian-pupr/index3/","https://cdns.klimg.com/merdeka.com/i/w/news/2018/12/20/1033437/140x70/pramono-anung-tiduran-di-jembatan-kalikuto-rayakan-rampungnya-trans-jawa.jpg","Pramono Anung Tiduran di Jembatan Kalikuto Rayakan Rampungnya Trans Jawa","https://www.merdeka.com/peristiwa/pramono-anung-tiduran-di-jembatan-kalikuto-rayakan-rampungnya-trans-jawa.html","Pramono Anung Tiduran di Jembatan Kalikuto Rayakan Rampungnya Trans Jawa","https://www.merdeka.com/peristiwa/pramono-anung-tiduran-di-jembatan-kalikuto-rayakan-rampungnya-trans-jawa.html","Sekitar 1 Bulan yang lalu"
"https://www.merdeka.com/tag/kementerian-pupr/index3/","https://cdns.klimg.com/merdeka.com/i/w/news/2018/12/19/1033051/140x70/menteri-pupr-terjunkan-tim-selidik-sebab-jalan-gubeng-ambles.jpg","Menteri PUPR Terjunkan Tim Selidik Sebab Jalan Gubeng Ambles","https://www.merdeka.com/peristiwa/menteri-pupr-terjunkan-tim-selidik-sebab-jalan-gubeng-ambles-kln.html","Menteri PUPR Terjunkan Tim Selidik Sebab Jalan Gubeng Ambles","https://www.merdeka.com/peristiwa/menteri-pupr-terjunkan-tim-selidik-sebab-jalan-gubeng-ambles-kln.html","Sekitar 1 Bulan yang lalu"
"https://www.merdeka.com/tag/kementerian-pupr/index3/","https://cdns.klimg.com/merdeka.com/i/w/news/2018/12/19/1033036/140x70/menteri-basuki-terima-penghargaan-hb-ix-award-dari-ugm.jpg","Menteri Basuki Terima Penghargaan HB IX Award dari UGM","https://www.merdeka.com/uang/menteri-basuki-terima-penghargaan-hb-ix-award-dari-ugm.html","Menteri Basuki Terima Penghargaan HB IX Award dari UGM","https://www.merdeka.com/uang/menteri-basuki-terima-penghargaan-hb-ix-award-dari-ugm.html","Sekitar 1 Bulan yang lalu"
"https://www.merdeka.com/tag/kementerian-pupr/index3/","https://cdns.klimg.com/merdeka.com/i/w/news/2018/12/19/1032938/140x70/pupr-cek-jalan-gubeng-ambles-pengembang-lalai-keamanan-konstruksi.jpg","PUPR Cek Jalan Gubeng Ambles: Pengembang Lalai Keamanan Konstruksi","https://www.merdeka.com/peristiwa/pupr-cek-jalan-gubeng-ambles-pengembang-lalai-keamanan-konstruksi.html","PUPR Cek Jalan Gubeng Ambles: Pengembang Lalai Keamanan Konstruksi","https://www.merdeka.com/peristiwa/pupr-cek-jalan-gubeng-ambles-pengembang-lalai-keamanan-konstruksi.html","Sekitar 1 Bulan yang lalu"
"https://www.merdeka.com/tag/kementerian-pupr/index3/","https://cdns.klimg.com/merdeka.com/i/w/news/2018/12/17/1032487/140x70/besok-bendungan-logung-di-kudus-siap-diairi.jpg","Besok, Bendungan Logung di Kudus Siap Diairi","https://www.merdeka.com/uang/besok-bendungan-logung-di-kudus-siap-diairi.html","Besok, Bendungan Logung di Kudus Siap Diairi","https://www.merdeka.com/uang/besok-bendungan-logung-di-kudus-siap-diairi.html","Sekitar 1 Bulan yang lalu"
"https://www.merdeka.com/tag/kementerian-pupr/index3/","https://cdns.klimg.com/merdeka.com/i/w/news/2018/12/12/1031415/140x70/kelanjutan-proyek-trans-papua-tunggu-lampu-hijau-tni-polri.jpg","Kelanjutan Proyek Trans Papua Tunggu Lampu Hijau TNI-Polri","https://www.merdeka.com/uang/kelanjutan-proyek-trans-papua-tunggu-lampu-hijau-tni-polri.html","Kelanjutan Proyek Trans Papua Tunggu Lampu Hijau TNI-Polri","https://www.merdeka.com/uang/kelanjutan-proyek-trans-papua-tunggu-lampu-hijau-tni-polri.html","Sekitar 1 Bulan yang lalu"
"https://www.merdeka.com/tag/kementerian-pupr/index3/","https://cdns.klimg.com/merdeka.com/i/w/news/2018/12/10/1030704/140x70/menteri-basuki-milenial-perlu-tahu-infrastruktur-persatukan-ri.jpg","Menteri Basuki: Milenial Perlu Tahu Infrastruktur Persatukan RI","https://www.merdeka.com/uang/menteri-basuki-milenial-perlu-tahu-infrastruktur-persatukan-ri.html","Menteri Basuki: Milenial Perlu Tahu Infrastruktur Persatukan RI","https://www.merdeka.com/uang/menteri-basuki-milenial-perlu-tahu-infrastruktur-persatukan-ri.html","Sekitar 1 Bulan yang lalu"
"https://www.merdeka.com/tag/kementerian-pupr/index3/","https://cdns.klimg.com/merdeka.com/i/w/news/2018/12/09/1030637/140x70/daftar-penerima-penghargaan-pupr-tahun-2018.jpg","Daftar Penerima Penghargaan PUPR Tahun 2018","https://www.merdeka.com/peristiwa/daftar-penerima-penghargaan-pupr-tahun-2018.html","Daftar Penerima Penghargaan PUPR Tahun 2018","https://www.merdeka.com/peristiwa/daftar-penerima-penghargaan-pupr-tahun-2018.html","Sekitar 1 Bulan yang lalu"
"https://www.merdeka.com/tag/kementerian-pupr/index3/","https://cdns.klimg.com/merdeka.com/i/w/news/2018/12/09/1030548/140x70/menteri-basuki-beri-bantuan-program-senilai-rp-20-m-buat-pemda-mitra.jpeg","Menteri Basuki Beri Bantuan Program Senilai Rp 20 M buat Pemda & Mitra","https://www.merdeka.com/peristiwa/menteri-basuki-beri-bantuan-program-senilai-rp-20-m-buat-pemda-mitra.html","Menteri Basuki Beri Bantuan Program Senilai Rp 20 M buat Pemda & Mitra","https://www.merdeka.com/peristiwa/menteri-basuki-beri-bantuan-program-senilai-rp-20-m-buat-pemda-mitra.html","Sekitar 1 Bulan yang lalu"
"https://www.merdeka.com/tag/kementerian-pupr/index3/","https://cdns.klimg.com/merdeka.com/i/w/news/2018/12/05/1029607/140x70/4-ruas-tol-baru-ini-bisa-dipakai-sebelum-natal-2018.jpg","4 Ruas Tol Baru Ini Bisa Dipakai Sebelum Natal 2018","https://www.merdeka.com/uang/4-ruas-tol-baru-ini-bisa-dipakai-sebelum-natal-2018.html","4 Ruas Tol Baru Ini Bisa Dipakai Sebelum Natal 2018","https://www.merdeka.com/uang/4-ruas-tol-baru-ini-bisa-dipakai-sebelum-natal-2018.html","Sekitar 1 Bulan yang lalu"
"https://www.merdeka.com/tag/kementerian-pupr/index3/","https://cdns.klimg.com/merdeka.com/i/w/news/2018/12/05/1029584/140x70/sebelum-terjadi-penembakan-wilayah-kerja-istaka-karya-dinilai-aman.jpg","Sebelum Terjadi Penembakan, Wilayah Kerja Istaka Karya Dinilai Aman","https://www.merdeka.com/uang/sebelum-terjadi-penembakan-wilayah-kerja-istaka-karya-dinilai-aman.html","Sebelum Terjadi Penembakan, Wilayah Kerja Istaka Karya Dinilai Aman","https://www.merdeka.com/uang/sebelum-terjadi-penembakan-wilayah-kerja-istaka-karya-dinilai-aman.html","Sekitar 1 Bulan yang lalu"
"https://www.merdeka.com/tag/kementerian-pupr/index3/","https://cdns.klimg.com/merdeka.com/i/w/news/2018/12/05/1029556/140x70/asosiasi-jalan-tol-indonesia-kembali-dihidupkan-setelah-vakum-20-tahun.jpg","Asosiasi Jalan Tol Indonesia Kembali Dihidupkan Setelah Vakum 20 Tahun","https://www.merdeka.com/uang/asosiasi-jalan-tol-indonesia-kembali-dihidupkan-setelah-vakum-20-tahun.html","Asosiasi Jalan Tol Indonesia Kembali Dihidupkan Setelah Vakum 20 Tahun","https://www.merdeka.com/uang/asosiasi-jalan-tol-indonesia-kembali-dihidupkan-setelah-vakum-20-tahun.html","Sekitar 1 Bulan yang lalu"
"https://www.merdeka.com/tag/kementerian-pupr/index3/","https://cdns.klimg.com/merdeka.com/i/w/news/2018/12/04/1029358/140x70/menteri-basuki-dan-panglima-tni-akan-terbang-ke-wamena-malam-ini.jpeg","Menteri Basuki dan Panglima TNI Akan Terbang ke Wamena Malam Ini","https://www.merdeka.com/uang/menteri-basuki-dan-panglima-tni-akan-terbang-ke-wamena-malam-ini.html","Menteri Basuki dan Panglima TNI Akan Terbang ke Wamena Malam Ini","https://www.merdeka.com/uang/menteri-basuki-dan-panglima-tni-akan-terbang-ke-wamena-malam-ini.html","Sekitar 1 Bulan yang lalu"
"https://www.merdeka.com/tag/kementerian-pupr/index3/","https://cdns.klimg.com/merdeka.com/i/w/news/2018/12/04/1029346/140x70/menteri-basuki-tegaskan-proyek-trans-papua-terus-berlanjut.jpg","Menteri Basuki Tegaskan Proyek Trans Papua Terus Berlanjut","https://www.merdeka.com/uang/menteri-basuki-tegaskan-proyek-trans-papua-terus-berlanjut.html","Menteri Basuki Tegaskan Proyek Trans Papua Terus Berlanjut","https://www.merdeka.com/uang/menteri-basuki-tegaskan-proyek-trans-papua-terus-berlanjut.html","Sekitar 1 Bulan yang lalu"
"https://www.merdeka.com/tag/kementerian-pupr/index3/","https://cdns.klimg.com/merdeka.com/i/w/news/2018/12/04/1029330/140x70/menteri-pupr-angkat-bicara-terkait-penembakan-pekerja-di-papua.jpg","Menteri PUPR Angkat Bicara Terkait Penembakan Pekerja di Papua","https://www.merdeka.com/foto/peristiwa/menteri-pupr-angkat-bicara-terkait-penembakan-pekerja-di-papua.html","Menteri PUPR Angkat Bicara Terkait Penembakan Pekerja di Papua","https://www.merdeka.com/foto/peristiwa/menteri-pupr-angkat-bicara-terkait-penembakan-pekerja-di-papua.html","Sekitar 1 Bulan yang lalu"
"https://www.merdeka.com/tag/kementerian-pupr/index3/","https://cdns.klimg.com/merdeka.com/i/w/news/2018/12/04/1029325/140x70/pekerjanya-ditembak-pemberontak-papua-istaka-karya-janji-beri-santunan.jpeg","Pekerjanya Ditembak Pemberontak Papua, Istaka Karya Janji Beri Santunan","https://www.merdeka.com/peristiwa/pekerjanya-ditembak-pemberontak-papua-istaka-karya-janji-beri-santunan.html","Pekerjanya Ditembak Pemberontak Papua, Istaka Karya Janji Beri Santunan","https://www.merdeka.com/peristiwa/pekerjanya-ditembak-pemberontak-papua-istaka-karya-janji-beri-santunan.html","Sekitar 1 Bulan yang lalu"
"https://www.merdeka.com/tag/kementerian-pupr/index4/","https://cdns.klimg.com/merdeka.com/i/w/news/2018/12/04/1029319/250x125/menteri-basuki-tak-ada-penolakan-warga-terkait-pembangunan-trans-papua.jpg","Menteri Basuki: Tak Ada Penolakan Warga Terkait Pembangunan Trans Papua","https://www.merdeka.com/uang/menteri-basuki-tak-ada-penolakan-warga-terkait-pembangunan-trans-papua.html","Menteri Basuki: Tak Ada Penolakan Warga Terkait Pembangunan Trans Papua","https://www.merdeka.com/uang/menteri-basuki-tak-ada-penolakan-warga-terkait-pembangunan-trans-papua.html","Sekitar 1 Bulan yang lalu"
"https://www.merdeka.com/tag/kementerian-pupr/index4/","https://cdns.klimg.com/merdeka.com/i/w/news/2018/12/04/1029290/140x70/menteri-pupr-soal-aksi-pembunuhan-di-papua-warga-yigi-jamin-keselamatan-pekerja.jpg","Menteri PUPR soal Aksi Pembunuhan di Papua: Warga Yigi Jamin Keselamatan Pekerja","https://www.merdeka.com/peristiwa/menteri-pupr-soal-aksi-pembunuhan-di-papua-warga-yigi-jamin-keselamatan-pekerja.html","Menteri PUPR soal Aksi Pembunuhan di Papua: Warga Yigi Jamin Keselamatan Pekerja","https://www.merdeka.com/peristiwa/menteri-pupr-soal-aksi-pembunuhan-di-papua-warga-yigi-jamin-keselamatan-pekerja.html","Sekitar 1 Bulan yang lalu"
"https://www.merdeka.com/tag/kementerian-pupr/index4/","https://cdns.klimg.com/merdeka.com/i/w/news/2018/12/04/1029286/140x70/31-pekerja-di-papua-dibunuh-proyek-jembatan-dihentikan-sementara-rev-1.jpeg","31 Pekerja di Papua Dibunuh, Proyek Jembatan Dihentikan Sementara","https://www.merdeka.com/peristiwa/31-pekerja-di-papua-dibunuh-proyek-jembatan-dihentikan-sementara.html","31 Pekerja di Papua Dibunuh, Proyek Jembatan Dihentikan Sementara","https://www.merdeka.com/peristiwa/31-pekerja-di-papua-dibunuh-proyek-jembatan-dihentikan-sementara.html","Sekitar 1 Bulan yang lalu"
"https://www.merdeka.com/tag/kementerian-pupr/index4/","https://cdns.klimg.com/merdeka.com/i/w/news/2018/12/04/1029281/140x70/tol-cigatas-mulai-ditender-awal-tahun-2019.jpg","Tol Cigatas Mulai Ditender Awal Tahun 2019","https://www.merdeka.com/uang/tol-cigatas-mulai-ditender-awal-tahun-2019.html","Tol Cigatas Mulai Ditender Awal Tahun 2019","https://www.merdeka.com/uang/tol-cigatas-mulai-ditender-awal-tahun-2019.html","Sekitar 1 Bulan yang lalu"
"https://www.merdeka.com/tag/kementerian-pupr/index4/","https://cdns.klimg.com/merdeka.com/i/w/news/2018/12/04/1029272/140x70/harbak-pu-ke-73-kenang-pahlawan-pelindung-gedung-sate.jpg","Harbak PU ke-73, Kenang Pahlawan Pelindung Gedung Sate","https://www.merdeka.com/peristiwa/harbak-pu-ke-73-kenang-pahlawan-pelindung-gedung-sate.html","Harbak PU ke-73, Kenang Pahlawan Pelindung Gedung Sate","https://www.merdeka.com/peristiwa/harbak-pu-ke-73-kenang-pahlawan-pelindung-gedung-sate.html","Sekitar 1 Bulan yang lalu"
"https://www.merdeka.com/tag/kementerian-pupr/index4/","https://cdns.klimg.com/merdeka.com/i/w/news/2018/12/03/1029164/140x70/tol-bandung-tasikmalaya-sedang-proses-penetapan-lokasi-mulai-dilelang-tahun-depan.jpg","Tol Bandung-Tasikmalaya Sedang Proses Penetapan Lokasi, Mulai Dilelang Tahun Depan","https://www.merdeka.com/uang/tol-bandung-tasikmalaya-sedang-proses-penetapan-lokasi-mulai-dilelang-tahun-depan.html","Tol Bandung-Tasikmalaya Sedang Proses Penetapan Lokasi, Mulai Dilelang Tahun Depan","https://www.merdeka.com/uang/tol-bandung-tasikmalaya-sedang-proses-penetapan-lokasi-mulai-dilelang-tahun-depan.html","Sekitar 1 Bulan yang lalu"
"https://www.merdeka.com/tag/kementerian-pupr/index4/","https://cdns.klimg.com/merdeka.com/i/w/news/2018/12/02/1028939/140x70/menteri-pupr-datangi-gedung-sate-kenang-perjuangan-pemuda-yang-gugur.jpg","Menteri PUPR Datangi Gedung Sate Kenang Perjuangan Pemuda yang Gugur","https://www.merdeka.com/peristiwa/menteri-pupr-datangi-gedung-sate-kenang-perjuangan-pemuda-yang-gugur.html","Menteri PUPR Datangi Gedung Sate Kenang Perjuangan Pemuda yang Gugur","https://www.merdeka.com/peristiwa/menteri-pupr-datangi-gedung-sate-kenang-perjuangan-pemuda-yang-gugur.html","Sekitar 1 Bulan yang lalu"
"https://www.merdeka.com/tag/kementerian-pupr/index4/","https://cdns.klimg.com/merdeka.com/i/w/news/2018/12/02/1028936/140x70/menteri-pupr-sesumbar-selesaikan-pekerjaan-rumah-yang-besar-di-2019.jpg","Menteri PUPR Sesumbar Selesaikan Pekerjaan Rumah Yang Besar di 2019","https://www.merdeka.com/uang/menteri-pupr-sesumbar-selesaikan-pekerjaan-rumah-yang-besar-di-2019.html","Menteri PUPR Sesumbar Selesaikan Pekerjaan Rumah Yang Besar di 2019","https://www.merdeka.com/uang/menteri-pupr-sesumbar-selesaikan-pekerjaan-rumah-yang-besar-di-2019.html","Sekitar 1 Bulan yang lalu"
"https://www.merdeka.com/tag/kementerian-pupr/index4/","https://cdns.klimg.com/merdeka.com/i/w/news/2018/12/01/1028803/140x70/tol-bocimi-seksi-satu-gratis-selama-seminggu-sejak-resmi-dibuka-presiden-jokowi.jpeg","Tol Bocimi Seksi Satu Gratis Selama Seminggu Sejak Resmi Dibuka Presiden Jokowi","https://www.merdeka.com/uang/tol-bocimi-seksi-satu-gratis-selama-seminggu-sejak-resmi-dibuka-presiden-jokowi.html","Tol Bocimi Seksi Satu Gratis Selama Seminggu Sejak Resmi Dibuka Presiden Jokowi","https://www.merdeka.com/uang/tol-bocimi-seksi-satu-gratis-selama-seminggu-sejak-resmi-dibuka-presiden-jokowi.html","Sekitar 1 Bulan yang lalu"
"https://www.merdeka.com/tag/kementerian-pupr/index4/","https://cdns.klimg.com/merdeka.com/i/w/news/2018/11/27/1027674/140x70/pemerintah-bakal-bangun-300-jembatan-gantung-hingga-2019.jpg","Pemerintah Bakal Bangun 300 Jembatan Gantung Hingga 2019","https://www.merdeka.com/uang/pemerintah-bakal-bangun-300-jembatan-gantung-hingga-2019.html","Pemerintah Bakal Bangun 300 Jembatan Gantung Hingga 2019","https://www.merdeka.com/uang/pemerintah-bakal-bangun-300-jembatan-gantung-hingga-2019.html","Sekitar 1 Bulan yang lalu"
"https://www.merdeka.com/tag/kementerian-pupr/index4/","https://cdns.klimg.com/merdeka.com/i/w/news/2018/11/22/1026814/140x70/menteri-basuki-mulai-bangun-pipa-transmisi-untuk-penyediaan-air-baku-merauke.jpg","Menteri Basuki Mulai Bangun Pipa Transmisi Untuk Penyediaan Air Baku Merauke","https://www.merdeka.com/uang/menteri-basuki-mulai-bangun-pipa-transmisi-untuk-penyediaan-air-baku-merauke.html","Menteri Basuki Mulai Bangun Pipa Transmisi Untuk Penyediaan Air Baku Merauke","https://www.merdeka.com/uang/menteri-basuki-mulai-bangun-pipa-transmisi-untuk-penyediaan-air-baku-merauke.html","Sekitar 2 Bulan yang lalu"
"https://www.merdeka.com/tag/kementerian-pupr/index4/","https://cdns.klimg.com/merdeka.com/i/w/news/2018/11/21/1026542/140x70/tol-layang-jakarta--cikampek-target-bisa-digunakan-pada-musim-mudik-tahun-depan.jpg","Tol Layang Jakarta - Cikampek Target Bisa Digunakan Pada Musim Mudik Tahun Depan","https://www.merdeka.com/uang/tol-layang-jakarta-cikampek-target-bisa-digunakan-pada-musim-mudik-tahun-depan.html","Tol Layang Jakarta - Cikampek Target Bisa Digunakan Pada Musim Mudik Tahun Depan","https://www.merdeka.com/uang/tol-layang-jakarta-cikampek-target-bisa-digunakan-pada-musim-mudik-tahun-depan.html","Sekitar 2 Bulan yang lalu"
"https://www.merdeka.com/tag/kementerian-pupr/index4/","https://cdns.klimg.com/merdeka.com/i/w/news/2018/11/21/1026514/140x70/pupr-pengerjaan-proyek-di-tol-jakarta--cikampek-dibagi-3-wilayah-kerja.jpg","PUPR: Pengerjaan Proyek di Tol Jakarta - Cikampek Dibagi 3 Wilayah Kerja","https://www.merdeka.com/uang/pupr-pengerjaan-proyek-di-tol-jakarta-cikampek-dibagi-3-wilayah-kerja.html","PUPR: Pengerjaan Proyek di Tol Jakarta - Cikampek Dibagi 3 Wilayah Kerja","https://www.merdeka.com/uang/pupr-pengerjaan-proyek-di-tol-jakarta-cikampek-dibagi-3-wilayah-kerja.html","Sekitar 2 Bulan yang lalu"
"https://www.merdeka.com/tag/kementerian-pupr/index4/","https://cdns.klimg.com/merdeka.com/i/w/news/2018/11/21/1026412/140x70/pemerintah-pastikan-sudah-antisipasi-tenggelamnya-jakarta-yang-diprediksikan-prabowo.jpg","Pemerintah Pastikan Sudah Antisipasi Tenggelamnya Jakarta yang Diprediksikan Prabowo","https://www.merdeka.com/uang/pemerintah-pastikan-sudah-antisipasi-tenggelamnya-jakarta-yang-diprediksikan-prabowo.html","Pemerintah Pastikan Sudah Antisipasi Tenggelamnya Jakarta yang Diprediksikan Prabowo","https://www.merdeka.com/uang/pemerintah-pastikan-sudah-antisipasi-tenggelamnya-jakarta-yang-diprediksikan-prabowo.html","Sekitar 2 Bulan yang lalu"
"https://www.merdeka.com/tag/kementerian-pupr/index4/","https://cdns.klimg.com/merdeka.com/i/w/news/2018/11/19/1026112/140x70/data-pupr-masih-ada-13-pdam-sakit-di-2018.png","Data PUPR: Masih Ada 13 PDAM 'Sakit' di 2018","https://www.merdeka.com/uang/data-pupr-masih-ada-13-pdam-sakit-di-2018.html","Data PUPR: Masih Ada 13 PDAM 'Sakit' di 2018","https://www.merdeka.com/uang/data-pupr-masih-ada-13-pdam-sakit-di-2018.html","Sekitar 2 Bulan yang lalu"
"https://www.merdeka.com/tag/kementerian-pupr/index4/","https://cdns.klimg.com/merdeka.com/i/w/news/2018/11/19/1026102/140x70/pupr-bendungan-mila-di-pulau-sumbawa-siap-digenangi-awal-desember-2018.jpg","PUPR: Bendungan Mila di Pulau Sumbawa Siap Digenangi Awal Desember 2018","https://www.merdeka.com/uang/pupr-bendungan-mila-di-pulau-sumbawa-siap-digenangi-awal-desember-2018.html","PUPR: Bendungan Mila di Pulau Sumbawa Siap Digenangi Awal Desember 2018","https://www.merdeka.com/uang/pupr-bendungan-mila-di-pulau-sumbawa-siap-digenangi-awal-desember-2018.html","Sekitar 2 Bulan yang lalu"
"https://www.merdeka.com/tag/kementerian-pupr/index4/","https://cdns.klimg.com/merdeka.com/i/w/news/2018/11/19/1026032/140x70/pemerintah-jamin-tarif-air-minum-maksimal-4-persen-dari-ump.png","Pemerintah Jamin Tarif Air Minum Maksimal 4 Persen dari UMP","https://www.merdeka.com/uang/pemerintah-jamin-tarif-air-minum-maksimal-4-persen-dari-ump.html","Pemerintah Jamin Tarif Air Minum Maksimal 4 Persen dari UMP","https://www.merdeka.com/uang/pemerintah-jamin-tarif-air-minum-maksimal-4-persen-dari-ump.html","Sekitar 2 Bulan yang lalu"
"https://www.merdeka.com/tag/kementerian-pupr/index4/","https://cdns.klimg.com/merdeka.com/i/w/news/2018/11/13/1024599/140x70/kementerian-pupr-tingkatkan-kompetensi-keselamatan-kerja-konstruksi-bumn-karya.jpg","Kementerian PUPR Tingkatkan Kompetensi Keselamatan Kerja Konstruksi BUMN Karya","https://www.merdeka.com/uang/kementerian-pupr-tingkatkan-kompetensi-keselamatan-kerja-konstruksi-bumn-karya.html","Kementerian PUPR Tingkatkan Kompetensi Keselamatan Kerja Konstruksi BUMN Karya","https://www.merdeka.com/uang/kementerian-pupr-tingkatkan-kompetensi-keselamatan-kerja-konstruksi-bumn-karya.html","Sekitar 2 Bulan yang lalu"
"https://www.merdeka.com/tag/kementerian-pupr/index4/","https://cdns.klimg.com/merdeka.com/i/w/news/2018/11/10/1024135/140x70/kementerian-pupr-sertifikasi-3255-tenaga-kerja-konstruksi.jpg","Kementerian PUPR Sertifikasi 3.255 Tenaga Kerja Konstruksi","https://www.merdeka.com/foto/peristiwa/kementerian-pupr-sertifikasi-3255-tenaga-kerja-konstruksi.html","Kementerian PUPR Sertifikasi 3.255 Tenaga Kerja Konstruksi","https://www.merdeka.com/foto/peristiwa/kementerian-pupr-sertifikasi-3255-tenaga-kerja-konstruksi.html","Sekitar 2 Bulan yang lalu"
"https://www.merdeka.com/tag/kementerian-pupr/index4/","https://cdns.klimg.com/merdeka.com/i/w/news/2018/11/05/1022899/140x70/hingga-4-november-penyerapan-anggaran-kementerian-pupr-baru-70-persen.jpg","Hingga 4 November, penyerapan anggaran Kementerian PUPR baru 70 persen","https://www.merdeka.com/uang/hingga-4-november-penyerapan-anggaran-kementerian-pupr-baru-70-persen.html","Hingga 4 November, penyerapan anggaran Kementerian PUPR baru 70 persen","https://www.merdeka.com/uang/hingga-4-november-penyerapan-anggaran-kementerian-pupr-baru-70-persen.html","Sekitar 2 Bulan yang lalu"
"https://www.merdeka.com/tag/kementerian-pupr/index5/","https://cdns.klimg.com/merdeka.com/i/w/news/2018/11/05/1022801/250x125/tak-mau-mangkrak-menteri-basuki-bakal-lelang-dini-proyek-infrastruktur-2019.jpg","Tak mau mangkrak, Menteri Basuki bakal lelang dini proyek infrastruktur 2019","https://www.merdeka.com/uang/tak-mau-mangkrak-menteri-basuki-bakal-lelang-dini-proyek-infrastruktur-2019.html","Tak mau mangkrak, Menteri Basuki bakal lelang dini proyek infrastruktur 2019","https://www.merdeka.com/uang/tak-mau-mangkrak-menteri-basuki-bakal-lelang-dini-proyek-infrastruktur-2019.html","Sekitar 2 Bulan yang lalu"
"https://www.merdeka.com/tag/kementerian-pupr/index5/","https://cdns.klimg.com/merdeka.com/i/w/news/2018/11/01/1022091/140x70/memasuki-musim-hujan-kementerian-pupr-siaga-banjir-di-20-kota.png","Memasuki musim hujan, Kementerian PUPR siaga banjir di 20 kota","https://www.merdeka.com/uang/memasuki-musim-hujan-kementerian-pupr-siaga-banjir-di-20-kota.html","Memasuki musim hujan, Kementerian PUPR siaga banjir di 20 kota","https://www.merdeka.com/uang/memasuki-musim-hujan-kementerian-pupr-siaga-banjir-di-20-kota.html","Sekitar 2 Bulan yang lalu"
"https://www.merdeka.com/tag/kementerian-pupr/index5/","https://cdns.klimg.com/merdeka.com/i/w/news/2018/11/01/1022011/140x70/kemen-pupr-pertanyakan-maksud-anies-baswedan-soal-naturalisasi-sungai-atasi-banjir.jpg","Kemen PUPR pertanyakan maksud Anies Baswedan soal naturalisasi sungai atasi banjir","https://www.merdeka.com/uang/kemen-pupr-pertanyakan-maksud-anies-baswedan-soal-naturalisasi-sungai-atasi-banjir.html","Kemen PUPR pertanyakan maksud Anies Baswedan soal naturalisasi sungai atasi banjir","https://www.merdeka.com/uang/kemen-pupr-pertanyakan-maksud-anies-baswedan-soal-naturalisasi-sungai-atasi-banjir.html","Sekitar 2 Bulan yang lalu"
"https://www.merdeka.com/tag/kementerian-pupr/index5/","https://cdns.klimg.com/merdeka.com/i/w/news/2018/10/31/1021775/140x70/proyek-tol-salatiga-kartasura-diperkirakan-tuntas-akhir-november.jpg","Proyek Tol Salatiga-Kartasura diperkirakan tuntas akhir November","https://www.merdeka.com/peristiwa/proyek-tol-salatiga-kartasura-diperkirakan-tuntas-akhir-november.html","Proyek Tol Salatiga-Kartasura diperkirakan tuntas akhir November","https://www.merdeka.com/peristiwa/proyek-tol-salatiga-kartasura-diperkirakan-tuntas-akhir-november.html","Sekitar 2 Bulan yang lalu"
"https://www.merdeka.com/tag/kementerian-pupr/index5/","https://cdns.klimg.com/merdeka.com/i/w/news/2018/10/31/1021823/140x70/menteri-pupr-seluruh-tol-trans-jawa-akan-dioperasikan-sebelum-akhir-desember-2018.jpg","Menteri PUPR: Seluruh tol Trans Jawa akan dioperasikan sebelum akhir Desember 2018","https://www.merdeka.com/uang/menteri-pupr-seluruh-tol-trans-jawa-akan-dioperasikan-sebelum-akhir-desember-2018.html","Menteri PUPR: Seluruh tol Trans Jawa akan dioperasikan sebelum akhir Desember 2018","https://www.merdeka.com/uang/menteri-pupr-seluruh-tol-trans-jawa-akan-dioperasikan-sebelum-akhir-desember-2018.html","Sekitar 2 Bulan yang lalu"
"https://www.merdeka.com/tag/kementerian-pupr/index5/","https://cdns.klimg.com/merdeka.com/i/w/news/2018/10/27/1020736/140x70/kementerian-pupr-anggarkan-belanja-infrastruktur-rp-1107-triliun-di-2019.jpg","Kementerian PUPR anggarkan belanja infrastruktur Rp 110,7 triliun di 2019","https://www.merdeka.com/uang/kementerian-pupr-anggarkan-belanja-infrastruktur-rp-1107-triliun-di-2019.html","Kementerian PUPR anggarkan belanja infrastruktur Rp 110,7 triliun di 2019","https://www.merdeka.com/uang/kementerian-pupr-anggarkan-belanja-infrastruktur-rp-1107-triliun-di-2019.html","Sekitar 2 Bulan yang lalu"
"https://www.merdeka.com/tag/kementerian-pupr/index5/","https://cdns.klimg.com/merdeka.com/i/w/news/2018/10/25/1020264/140x70/pemerintah-target-bina-33-juta-tenaga-kerja-konstruksi-per-tahun.jpg","Pemerintah target bina 3,3 juta tenaga kerja konstruksi per tahun","https://www.merdeka.com/uang/pemerintah-target-bina-33-juta-tenaga-kerja-konstruksi-per-tahun.html","Pemerintah target bina 3,3 juta tenaga kerja konstruksi per tahun","https://www.merdeka.com/uang/pemerintah-target-bina-33-juta-tenaga-kerja-konstruksi-per-tahun.html","Sekitar 3 Bulan yang lalu"
"https://www.merdeka.com/tag/kementerian-pupr/index5/","https://cdns.klimg.com/merdeka.com/i/w/news/2018/10/25/1020242/140x70/pupr-dari-814-juta-tenaga-konstruksi-ri-baru-596-persen-yang-kantongi-sertifikat.jpg","PUPR: Dari 8,14 juta tenaga konstruksi RI, baru 5,96 persen yang kantongi sertifikat","https://www.merdeka.com/uang/pupr-dari-814-juta-tenaga-konstruksi-ri-baru-596-persen-yang-kantongi-sertifikat.html","PUPR: Dari 8,14 juta tenaga konstruksi RI, baru 5,96 persen yang kantongi sertifikat","https://www.merdeka.com/uang/pupr-dari-814-juta-tenaga-konstruksi-ri-baru-596-persen-yang-kantongi-sertifikat.html","Sekitar 3 Bulan yang lalu"
"https://www.merdeka.com/tag/kementerian-pupr/index5/","https://cdns.klimg.com/merdeka.com/i/w/news/2018/10/23/1019806/140x70/tak-bangun-irigasi-di-lhok-guci-menteri-basuki-kerap-diomeli-jokowi.jpg","Tak bangun irigasi di Lhok Guci, Menteri Basuki kerap diomeli Jokowi","https://www.merdeka.com/uang/tak-bangun-irigasi-di-lhok-guci-menteri-basuki-kerap-diomeli-jokowi.html","Tak bangun irigasi di Lhok Guci, Menteri Basuki kerap diomeli Jokowi","https://www.merdeka.com/uang/tak-bangun-irigasi-di-lhok-guci-menteri-basuki-kerap-diomeli-jokowi.html","Sekitar 3 Bulan yang lalu"
"https://www.merdeka.com/tag/kementerian-pupr/index5/","https://cdns.klimg.com/merdeka.com/i/w/news/2018/10/23/1019733/140x70/penuhi-janji-jokowi-buat-perbatasan-negara-jadi-pusat-embrio-pertumbuhan-ekonomi.jpeg","Penuhi janji, Jokowi buat perbatasan negara jadi pusat embrio pertumbuhan ekonomi","https://www.merdeka.com/uang/penuhi-janji-jokowi-buat-perbatasan-negara-jadi-pusat-embrio-pertumbuhan-ekonomi.html","Penuhi janji, Jokowi buat perbatasan negara jadi pusat embrio pertumbuhan ekonomi","https://www.merdeka.com/uang/penuhi-janji-jokowi-buat-perbatasan-negara-jadi-pusat-embrio-pertumbuhan-ekonomi.html","Sekitar 3 Bulan yang lalu"
"https://www.merdeka.com/tag/kementerian-pupr/index5/","https://cdns.klimg.com/merdeka.com/i/w/news/2018/10/23/1019694/140x70/menteri-basuki-total-tol-yang-akan-beroperasi-capai-1852-km-hingga-2019.jpg","Menteri Basuki: Total tol yang akan beroperasi capai 1.852 Km hingga 2019","https://www.merdeka.com/uang/menteri-basuki-total-tol-yang-akan-beroperasi-capai-1852-km-hingga-2019.html","Menteri Basuki: Total tol yang akan beroperasi capai 1.852 Km hingga 2019","https://www.merdeka.com/uang/menteri-basuki-total-tol-yang-akan-beroperasi-capai-1852-km-hingga-2019.html","Sekitar 3 Bulan yang lalu"
"https://www.merdeka.com/tag/kementerian-pupr/index5/","https://cdns.klimg.com/merdeka.com/i/w/news/2018/10/22/1019484/140x70/pengembang-meikarta-akan-diberi-sanksi-jika-langgar-aturan-ini.jpg","Pengembang Meikarta akan diberi sanksi jika langgar aturan ini","https://www.merdeka.com/uang/pengembang-meikarta-akan-diberi-sanksi-jika-langgar-aturan-ini.html","Pengembang Meikarta akan diberi sanksi jika langgar aturan ini","https://www.merdeka.com/uang/pengembang-meikarta-akan-diberi-sanksi-jika-langgar-aturan-ini.html","Sekitar 3 Bulan yang lalu"
"https://www.merdeka.com/tag/kementerian-pupr/index5/","https://cdns.klimg.com/merdeka.com/i/w/news/2018/10/22/1019444/140x70/pemerintah-optimistis-penyaluran-program-satu-juta-rumah-capai-11-juta-unit-di-2018.jpg","Pemerintah optimistis penyaluran program satu juta rumah capai 1,1 juta unit di 2018","https://www.merdeka.com/uang/pemerintah-optimistis-penyaluran-program-satu-juta-rumah-capai-11-juta-unit-di-2018.html","Pemerintah optimistis penyaluran program satu juta rumah capai 1,1 juta unit di 2018","https://www.merdeka.com/uang/pemerintah-optimistis-penyaluran-program-satu-juta-rumah-capai-11-juta-unit-di-2018.html","Sekitar 3 Bulan yang lalu"
"https://www.merdeka.com/tag/kementerian-pupr/index5/","https://cdns.klimg.com/merdeka.com/i/w/news/2018/10/22/1019424/140x70/kementerian-pu-pr-ikut-investigasi-pelanggaran-mega-proyek-meikarta.jpg","Kementerian PU-PR ikut investigasi pelanggaran mega proyek Meikarta","https://www.merdeka.com/uang/kementerian-pu-pr-ikut-investigasi-pelanggaran-mega-proyek-meikarta.html","Kementerian PU-PR ikut investigasi pelanggaran mega proyek Meikarta","https://www.merdeka.com/uang/kementerian-pu-pr-ikut-investigasi-pelanggaran-mega-proyek-meikarta.html","Sekitar 3 Bulan yang lalu"
"https://www.merdeka.com/tag/kementerian-pupr/index5/","https://cdns.klimg.com/merdeka.com/i/w/news/2018/10/22/1019412/140x70/bp-tapera-wajib-terbentuk-tahun-ini-agar-dana-rp-25-triliun-bisa-segera-cair.jpeg","BP Tapera wajib terbentuk tahun ini agar dana Rp 2,5 triliun bisa segera cair","https://www.merdeka.com/uang/bp-tapera-wajib-terbentuk-tahun-ini-agar-dana-rp-25-triliun-bisa-segera-cair.html","BP Tapera wajib terbentuk tahun ini agar dana Rp 2,5 triliun bisa segera cair","https://www.merdeka.com/uang/bp-tapera-wajib-terbentuk-tahun-ini-agar-dana-rp-25-triliun-bisa-segera-cair.html","Sekitar 3 Bulan yang lalu"
"https://www.merdeka.com/tag/kementerian-pupr/index5/","https://cdns.klimg.com/merdeka.com/i/w/news/2018/10/22/1019354/140x70/pupr-targetkan-pembentukan-bp-tapera-rampung-di-2019.jpg","PUPR targetkan pembentukan BP Tapera rampung di 2019","https://www.merdeka.com/uang/pupr-targetkan-pembentukan-bp-tapera-rampung-di-2019.html","PUPR targetkan pembentukan BP Tapera rampung di 2019","https://www.merdeka.com/uang/pupr-targetkan-pembentukan-bp-tapera-rampung-di-2019.html","Sekitar 3 Bulan yang lalu"
"https://www.merdeka.com/tag/kementerian-pupr/index5/","https://cdns.klimg.com/merdeka.com/i/w/news/2018/10/18/1018762/140x70/pemerintah-hibahkan-aset-negara-rp-186-triliun.jpg","Pemerintah hibahkan aset negara Rp 1,86 triliun","https://www.merdeka.com/uang/pemerintah-hibahkan-aset-negara-rp-186-triliun.html","Pemerintah hibahkan aset negara Rp 1,86 triliun","https://www.merdeka.com/uang/pemerintah-hibahkan-aset-negara-rp-186-triliun.html","Sekitar 3 Bulan yang lalu"
"https://www.merdeka.com/tag/kementerian-pupr/index5/","https://cdns.klimg.com/merdeka.com/i/w/news/2018/10/17/1018569/140x70/ini-kelebihan-risha-rumah-anti-gempa-inisiasi-kementerian-pupr.jpg","Ini kelebihan Risha, rumah anti gempa inisiasi Kementerian PUPR","https://www.merdeka.com/uang/ini-kelebihan-risha-rumah-anti-gempa-inisiasi-kementerian-pupr.html","Ini kelebihan Risha, rumah anti gempa inisiasi Kementerian PUPR","https://www.merdeka.com/uang/ini-kelebihan-risha-rumah-anti-gempa-inisiasi-kementerian-pupr.html","Sekitar 3 Bulan yang lalu"
"https://www.merdeka.com/tag/kementerian-pupr/index5/","https://cdns.klimg.com/merdeka.com/i/w/news/2018/10/17/1018566/140x70/pemerintah-targetkan-jembatan-surabaya-di-lombok-rampung-akhir-tahun.jpg","Pemerintah targetkan Jembatan Surabaya di Lombok rampung akhir tahun","https://www.merdeka.com/uang/pemerintah-targetkan-jembatan-surabaya-di-lombok-rampung-akhir-tahun.html","Pemerintah targetkan Jembatan Surabaya di Lombok rampung akhir tahun","https://www.merdeka.com/uang/pemerintah-targetkan-jembatan-surabaya-di-lombok-rampung-akhir-tahun.html","Sekitar 3 Bulan yang lalu"
"https://www.merdeka.com/tag/kementerian-pupr/index5/","https://cdns.klimg.com/merdeka.com/i/w/news/2018/10/17/1018555/140x70/menteri-basuki-tinjau-pembangunan-rumah-bantuan-di-lombok.jpg","Menteri Basuki tinjau pembangunan rumah bantuan di Lombok","https://www.merdeka.com/uang/menteri-basuki-tinjau-pembangunan-rumah-bantuan-di-lombok.html","Menteri Basuki tinjau pembangunan rumah bantuan di Lombok","https://www.merdeka.com/uang/menteri-basuki-tinjau-pembangunan-rumah-bantuan-di-lombok.html","Sekitar 3 Bulan yang lalu"
"https://www.merdeka.com/tag/kementerian-pupr/index6/","https://cdns.klimg.com/merdeka.com/i/w/news/2018/10/16/1018278/250x125/gara-gara-banyak-kasus-korupsi-libatkan-pegawai-pupr-basuki-kerap-ditelepon-jokowi.jpg","Gara-gara banyak kasus korupsi libatkan pegawai PUPR, Basuki kerap ditelepon Jokowi","https://www.merdeka.com/peristiwa/gara-gara-banyak-kasus-korupsi-libatkan-pegawai-pupr-basuki-kerap-ditelepon-jokowi.html","Gara-gara banyak kasus korupsi libatkan pegawai PUPR, Basuki kerap ditelepon Jokowi","https://www.merdeka.com/peristiwa/gara-gara-banyak-kasus-korupsi-libatkan-pegawai-pupr-basuki-kerap-ditelepon-jokowi.html","Sekitar 3 Bulan yang lalu"
"https://www.merdeka.com/tag/kementerian-pupr/index6/","https://cdns.klimg.com/merdeka.com/i/w/news/2018/10/16/1018133/140x70/minggu-ini-pupr-bangun-1200-hunian-sementara-untuk-korban-bencana-sulawesi-tengah.jpg","Minggu ini, PUPR bangun 1.200 hunian sementara untuk korban bencana Sulawesi Tengah","https://www.merdeka.com/uang/minggu-ini-pupr-bangun-1200-hunian-sementara-untuk-korban-bencana-sulawesi-tengah.html","Minggu ini, PUPR bangun 1.200 hunian sementara untuk korban bencana Sulawesi Tengah","https://www.merdeka.com/uang/minggu-ini-pupr-bangun-1200-hunian-sementara-untuk-korban-bencana-sulawesi-tengah.html","Sekitar 3 Bulan yang lalu"
"https://www.merdeka.com/tag/kementerian-pupr/index6/","https://cdns.klimg.com/merdeka.com/i/w/news/2018/10/16/1018122/140x70/pupr-dorong-pemakaian-baja-lokal-dalam-pembangunan-infrastruktur.jpg","PUPR dorong pemakaian baja lokal dalam pembangunan infrastruktur","https://www.merdeka.com/uang/pupr-dorong-pemakaian-baja-lokal-dalam-pembangunan-infrastruktur.html","PUPR dorong pemakaian baja lokal dalam pembangunan infrastruktur","https://www.merdeka.com/uang/pupr-dorong-pemakaian-baja-lokal-dalam-pembangunan-infrastruktur.html","Sekitar 3 Bulan yang lalu"
"https://www.merdeka.com/tag/kementerian-pupr/index6/","https://cdns.klimg.com/merdeka.com/i/w/news/2018/10/16/1018117/140x70/pupr-minta-dukungan-tni-kerjakan-trans-mentawai.jpg","PUPR minta dukungan TNI kerjakan trans Mentawai","https://www.merdeka.com/uang/pupr-minta-dukungan-tni-kerjakan-trans-mentawai.html","PUPR minta dukungan TNI kerjakan trans Mentawai","https://www.merdeka.com/uang/pupr-minta-dukungan-tni-kerjakan-trans-mentawai.html","Sekitar 3 Bulan yang lalu"
"https://www.merdeka.com/tag/kementerian-pupr/index6/","https://cdns.klimg.com/merdeka.com/i/w/news/2018/10/16/1018101/140x70/pemerintah-bangun-1200-hunian-sementara-tampung-korban-gempa-sulteng.jpg","Pemerintah bangun 1.200 hunian sementara tampung korban gempa Sulteng","https://www.merdeka.com/uang/pemerintah-bangun-1200-hunian-sementara-tampung-korban-gempa-sulteng.html","Pemerintah bangun 1.200 hunian sementara tampung korban gempa Sulteng","https://www.merdeka.com/uang/pemerintah-bangun-1200-hunian-sementara-tampung-korban-gempa-sulteng.html","Sekitar 3 Bulan yang lalu"
"https://www.merdeka.com/tag/kementerian-pupr/index6/","https://cdns.klimg.com/merdeka.com/i/w/news/2018/10/16/1018080/140x70/anies-baswedan-dampingi-jokowi-tinjau-kompleks-gbk.jpg","Anies Baswedan dampingi Jokowi tinjau kompleks GBK","https://www.merdeka.com/foto/jakarta/anies-baswedan-dampingi-jokowi-tinjau-kompleks-gbk.html","Anies Baswedan dampingi Jokowi tinjau kompleks GBK","https://www.merdeka.com/foto/jakarta/anies-baswedan-dampingi-jokowi-tinjau-kompleks-gbk.html","Sekitar 3 Bulan yang lalu"
"https://www.merdeka.com/tag/kementerian-pupr/index6/","https://cdns.klimg.com/merdeka.com/i/w/news/2018/10/15/1017944/140x70/menteri-basuki-biaya-relokasi-korban-gempa-palu-capai-rp-6-triliun.jpg","Menteri Basuki: Biaya relokasi korban gempa Palu capai Rp 6 triliun","https://www.merdeka.com/uang/menteri-basuki-biaya-relokasi-korban-gempa-palu-capai-rp-6-triliun.html","Menteri Basuki: Biaya relokasi korban gempa Palu capai Rp 6 triliun","https://www.merdeka.com/uang/menteri-basuki-biaya-relokasi-korban-gempa-palu-capai-rp-6-triliun.html","Sekitar 3 Bulan yang lalu"
"https://www.merdeka.com/tag/kementerian-pupr/index6/","https://cdns.klimg.com/merdeka.com/i/w/news/2018/10/15/1017782/140x70/pupr-targetkan-13-ruas-jalan-tol-beroperasi-hingga-desember-2018.jpg","PUPR targetkan 13 ruas jalan tol beroperasi hingga Desember 2018","https://www.merdeka.com/uang/pupr-targetkan-13-ruas-jalan-tol-beroperasi-hingga-desember-2018.html","PUPR targetkan 13 ruas jalan tol beroperasi hingga Desember 2018","https://www.merdeka.com/uang/pupr-targetkan-13-ruas-jalan-tol-beroperasi-hingga-desember-2018.html","Sekitar 3 Bulan yang lalu"
"https://www.merdeka.com/tag/kementerian-pupr/index6/","https://cdns.klimg.com/merdeka.com/i/w/news/2018/10/08/1016062/140x70/2019-pemerintah-lakukan-pemeliharaan-jalan-nasional-lewat-availability-payment.jpg","2019, pemerintah lakukan pemeliharaan jalan nasional lewat availability payment","https://www.merdeka.com/uang/2019-pemerintah-lakukan-pemeliharaan-jalan-nasional-lewat-availability-payment.html","2019, pemerintah lakukan pemeliharaan jalan nasional lewat availability payment","https://www.merdeka.com/uang/2019-pemerintah-lakukan-pemeliharaan-jalan-nasional-lewat-availability-payment.html","Sekitar 3 Bulan yang lalu"
"https://www.merdeka.com/tag/kementerian-pupr/index6/","https://cdns.klimg.com/merdeka.com/i/w/news/2018/10/05/1015654/140x70/3-fakta-penyebab-wilayah-petobo-tak-bisa-lagi-dihuni-setelah-ditelan-bumi.jpg","3 Fakta penyebab wilayah Petobo tak bisa lagi dihuni setelah 'ditelan bumi'","https://www.merdeka.com/peristiwa/3-fakta-penyebab-wilayah-petobo-tak-bisa-lagi-dihuni-setelah-ditelan-bumi.html","3 Fakta penyebab wilayah Petobo tak bisa lagi dihuni setelah 'ditelan bumi'","https://www.merdeka.com/peristiwa/3-fakta-penyebab-wilayah-petobo-tak-bisa-lagi-dihuni-setelah-ditelan-bumi.html","Sekitar 3 Bulan yang lalu"
"https://www.merdeka.com/tag/kementerian-pupr/index6/","https://cdns.klimg.com/merdeka.com/i/w/news/2018/10/07/1015861/140x70/pupr-bangun-hunian-sementara-untuk-korban-gempa-di-petobo-dan-balaroa.jpeg","PUPR bangun hunian sementara untuk korban gempa di Petobo dan Balaroa","https://www.merdeka.com/uang/pupr-bangun-hunian-sementara-untuk-korban-gempa-di-petobo-dan-balaroa.html","PUPR bangun hunian sementara untuk korban gempa di Petobo dan Balaroa","https://www.merdeka.com/uang/pupr-bangun-hunian-sementara-untuk-korban-gempa-di-petobo-dan-balaroa.html","Sekitar 3 Bulan yang lalu"
"https://www.merdeka.com/tag/kementerian-pupr/index6/","https://cdns.klimg.com/merdeka.com/i/w/news/2018/10/02/1014833/140x70/pupr-desak-produsen-material-infrastruktur-perbaiki-kualitas-dan-turunkan-harga.jpg","PUPR desak produsen material infrastruktur perbaiki kualitas dan turunkan harga","https://www.merdeka.com/uang/pupr-desak-produsen-material-infrastruktur-perbaiki-kualitas-dan-turunkan-harga.html","PUPR desak produsen material infrastruktur perbaiki kualitas dan turunkan harga","https://www.merdeka.com/uang/pupr-desak-produsen-material-infrastruktur-perbaiki-kualitas-dan-turunkan-harga.html","Sekitar 3 Bulan yang lalu"
"https://www.merdeka.com/tag/kementerian-pupr/index6/","https://cdns.klimg.com/merdeka.com/i/w/news/2018/10/02/1014799/140x70/pupr-sebut-kualitas-infrastruktur-ri-di-aljazair-lebih-baik-dari-china.jpg","PUPR sebut kualitas infrastruktur RI di Aljazair lebih baik dari China","https://www.merdeka.com/uang/pupr-sebut-kualitas-infrastruktur-ri-di-aljazair-lebih-baik-dari-china.html","PUPR sebut kualitas infrastruktur RI di Aljazair lebih baik dari China","https://www.merdeka.com/uang/pupr-sebut-kualitas-infrastruktur-ri-di-aljazair-lebih-baik-dari-china.html","Sekitar 3 Bulan yang lalu"
"https://www.merdeka.com/tag/kementerian-pupr/index6/","https://cdns.klimg.com/merdeka.com/i/w/news/2018/10/02/1014709/140x70/pupr-30-kontraktor-asing-gulung-tikar-karena-tak-kebagian-proyek-di-indonesia.jpg","PUPR: 30 kontraktor asing gulung tikar karena tak kebagian proyek di Indonesia","https://www.merdeka.com/uang/pupr-30-kontraktor-asing-gulung-tikar-karena-tak-kebagian-proyek-di-indonesia.html","PUPR: 30 kontraktor asing gulung tikar karena tak kebagian proyek di Indonesia","https://www.merdeka.com/uang/pupr-30-kontraktor-asing-gulung-tikar-karena-tak-kebagian-proyek-di-indonesia.html","Sekitar 3 Bulan yang lalu"
"https://www.merdeka.com/tag/kementerian-pupr/index6/","https://cdns.klimg.com/merdeka.com/i/w/news/2018/10/02/1014691/140x70/pemerintah-ajak-kontraktor-non-bumn-benahi-infrastruktur-di-palu.jpeg","Pemerintah ajak kontraktor Non-BUMN benahi infrastruktur di Palu","https://www.merdeka.com/uang/pemerintah-ajak-kontraktor-non-bumn-benahi-infrastruktur-di-palu.html","Pemerintah ajak kontraktor Non-BUMN benahi infrastruktur di Palu","https://www.merdeka.com/uang/pemerintah-ajak-kontraktor-non-bumn-benahi-infrastruktur-di-palu.html","Sekitar 3 Bulan yang lalu"
"https://www.merdeka.com/tag/kementerian-pupr/index6/","https://cdns.klimg.com/merdeka.com/i/w/news/2018/10/02/1014651/140x70/pemerintah-izinkan-warga-palu-ambil-barang-di-toko-ini-alasannya.jpg","Pemerintah izinkan warga Palu ambil barang di toko, ini alasannya","https://www.merdeka.com/uang/pemerintah-izinkan-warga-palu-ambil-barang-di-toko-ini-alasannya.html","Pemerintah izinkan warga Palu ambil barang di toko, ini alasannya","https://www.merdeka.com/uang/pemerintah-izinkan-warga-palu-ambil-barang-di-toko-ini-alasannya.html","Sekitar 3 Bulan yang lalu"
"https://www.merdeka.com/tag/kementerian-pupr/index6/","https://cdns.klimg.com/merdeka.com/i/w/news/2018/10/02/1014644/140x70/4-strategi-kementerian-pupr-tangani-bencana-palu.jpg","4 Strategi Kementerian PUPR tangani bencana Palu","https://www.merdeka.com/uang/4-strategi-kementerian-pupr-tangani-bencana-palu.html","4 Strategi Kementerian PUPR tangani bencana Palu","https://www.merdeka.com/uang/4-strategi-kementerian-pupr-tangani-bencana-palu.html","Sekitar 3 Bulan yang lalu"
"https://www.merdeka.com/tag/kementerian-pupr/index6/","https://cdns.klimg.com/merdeka.com/i/w/news/2018/10/01/1014309/140x70/kemenpu-pr-sediakan-kebutuhan-air-bersih-dan-sanitasi-korban-gempa-palu-donggala.jpeg","KemenPU-PR sediakan kebutuhan air bersih dan sanitasi korban gempa Palu-Donggala","https://www.merdeka.com/uang/kemenpu-pr-sediakan-kebutuhan-air-bersih-dan-sanitasi-korban-gempa-palu-donggala.html","KemenPU-PR sediakan kebutuhan air bersih dan sanitasi korban gempa Palu-Donggala","https://www.merdeka.com/uang/kemenpu-pr-sediakan-kebutuhan-air-bersih-dan-sanitasi-korban-gempa-palu-donggala.html","Sekitar 3 Bulan yang lalu"
"https://www.merdeka.com/tag/kementerian-pupr/index6/","https://cdns.klimg.com/merdeka.com/i/w/news/2018/09/29/1014092/140x70/gempa-tsunami-sulteng-kemenpupr-segera-bangun-fasilitas-umum-darurat.jpg","Gempa & tsunami Sulteng, KemenPUPR segera bangun fasilitas umum darurat","https://www.merdeka.com/peristiwa/gempa-tsunami-sulteng-kemenpupr-segera-bangun-fasilitas-umum-darurat.html","Gempa & tsunami Sulteng, KemenPUPR segera bangun fasilitas umum darurat","https://www.merdeka.com/peristiwa/gempa-tsunami-sulteng-kemenpupr-segera-bangun-fasilitas-umum-darurat.html","Sekitar 3 Bulan yang lalu"
"https://www.merdeka.com/tag/kementerian-pupr/index6/","https://cdns.klimg.com/merdeka.com/i/w/news/2018/09/29/1014070/140x70/kementerian-pupr-mulai-hitung-kerugian-negara-akibat-gempa-dan-tsunami-sulteng.jpg","Kementerian PUPR mulai hitung kerugian negara akibat gempa dan tsunami Sulteng","https://www.merdeka.com/uang/kementerian-pupr-mulai-hitung-kerugian-negara-akibat-gempa-dan-tsunami-sulteng.html","Kementerian PUPR mulai hitung kerugian negara akibat gempa dan tsunami Sulteng","https://www.merdeka.com/uang/kementerian-pupr-mulai-hitung-kerugian-negara-akibat-gempa-dan-tsunami-sulteng.html","Sekitar 3 Bulan yang lalu"
"https://www.merdeka.com/tag/kementerian-pupr/index7/","https://cdns.klimg.com/merdeka.com/i/w/news/2018/09/27/1013639/250x125/resmi-dibuka-tol-depok-antasari-gratis-selama-seminggu.jpg","Resmi dibuka, tol Depok-Antasari gratis selama seminggu","https://www.merdeka.com/uang/resmi-dibuka-tol-depok-antasari-gratis-selama-seminggu.html","Resmi dibuka, tol Depok-Antasari gratis selama seminggu","https://www.merdeka.com/uang/resmi-dibuka-tol-depok-antasari-gratis-selama-seminggu.html","Sekitar 3 Bulan yang lalu"
"https://www.merdeka.com/tag/kementerian-pupr/index7/","https://cdns.klimg.com/merdeka.com/i/w/news/2018/09/22/1012249/140x70/kementerian-pupr-terus-tingkatkan-konektivitas-kawasan-perbatasan-rev-1.jpg","Kementerian PUPR terus tingkatkan konektivitas kawasan perbatasan","https://www.merdeka.com/peristiwa/kementerian-pupr-terus-tingkatkan-konektivitas-kawasan-perbatasan.html","Kementerian PUPR terus tingkatkan konektivitas kawasan perbatasan","https://www.merdeka.com/peristiwa/kementerian-pupr-terus-tingkatkan-konektivitas-kawasan-perbatasan.html","Sekitar 4 Bulan yang lalu"
"https://www.merdeka.com/tag/kementerian-pupr/index7/","https://cdns.klimg.com/merdeka.com/i/w/news/2018/09/20/1011851/140x70/kementerian-pu-pr-kebut-penyelesaian-tol-cisumdawu-di-desember-2019.jpg","Kementerian PU-PR kebut penyelesaian tol Cisumdawu di Desember 2019","https://www.merdeka.com/uang/kementerian-pu-pr-kebut-penyelesaian-tol-cisumdawu-di-desember-2019.html","Kementerian PU-PR kebut penyelesaian tol Cisumdawu di Desember 2019","https://www.merdeka.com/uang/kementerian-pu-pr-kebut-penyelesaian-tol-cisumdawu-di-desember-2019.html","Sekitar 4 Bulan yang lalu"
"https://www.merdeka.com/tag/kementerian-pupr/index7/","https://cdns.klimg.com/merdeka.com/i/w/news/2018/09/20/1011821/140x70/lahan-proyek-jalan-perbatasan-sudah-bebas-4877-persen.jpg","Lahan proyek jalan perbatasan sudah bebas 48,77 persen","https://www.merdeka.com/uang/lahan-proyek-jalan-perbatasan-sudah-bebas-4877-persen.html","Lahan proyek jalan perbatasan sudah bebas 48,77 persen","https://www.merdeka.com/uang/lahan-proyek-jalan-perbatasan-sudah-bebas-4877-persen.html","Sekitar 4 Bulan yang lalu"
"https://www.merdeka.com/tag/kementerian-pupr/index7/","https://cdns.klimg.com/merdeka.com/i/w/news/2018/09/19/1011379/140x70/kementerian-pupr-terus-dorong-inovasi-teknologi-pembangunan-terowongan.jpg","Kementerian PUPR terus dorong inovasi teknologi pembangunan terowongan","https://www.merdeka.com/uang/kementerian-pupr-terus-dorong-inovasi-teknologi-pembangunan-terowongan.html","Kementerian PUPR terus dorong inovasi teknologi pembangunan terowongan","https://www.merdeka.com/uang/kementerian-pupr-terus-dorong-inovasi-teknologi-pembangunan-terowongan.html","Sekitar 4 Bulan yang lalu"
"https://www.merdeka.com/tag/kementerian-pupr/index7/","https://cdns.klimg.com/merdeka.com/i/w/news/2018/09/17/1010756/140x70/catat-tarif-tol-jorr-menjadi-rp-15000-berlaku-akhir-september-2018.jpg","Catat, tarif tol JORR menjadi Rp 15.000 berlaku akhir September 2018","https://www.merdeka.com/uang/catat-tarif-tol-jorr-menjadi-rp-15000-berlaku-akhir-september-2018.html","Catat, tarif tol JORR menjadi Rp 15.000 berlaku akhir September 2018","https://www.merdeka.com/uang/catat-tarif-tol-jorr-menjadi-rp-15000-berlaku-akhir-september-2018.html","Sekitar 4 Bulan yang lalu"
"https://www.merdeka.com/tag/kementerian-pupr/index7/","https://cdns.klimg.com/merdeka.com/i/w/news/2018/09/14/1010247/140x70/pembangunan-selesai-tol-depok-antasari-tunggu-uji-kelayakan-operasi.jpg","Pembangunan selesai, tol Depok-Antasari tunggu uji kelayakan operasi","https://www.merdeka.com/uang/pembangunan-selesai-tol-depok-antasari-tunggu-uji-kelayakan-operasi.html","Pembangunan selesai, tol Depok-Antasari tunggu uji kelayakan operasi","https://www.merdeka.com/uang/pembangunan-selesai-tol-depok-antasari-tunggu-uji-kelayakan-operasi.html","Sekitar 4 Bulan yang lalu"
"https://www.merdeka.com/tag/kementerian-pupr/index7/","https://cdns.klimg.com/merdeka.com/i/w/news/2018/09/14/1010235/140x70/ganti-rugi-lahan-dibayar-oktober-tol-kunciran--serpong-ditarget-rampung-april-2019.jpg","Ganti rugi lahan dibayar Oktober, tol Kunciran - Serpong ditarget rampung April 2019","https://www.merdeka.com/uang/ganti-rugi-lahan-dibayar-oktober-tol-kunciran-serpong-ditarget-rampung-april-2019.html","Ganti rugi lahan dibayar Oktober, tol Kunciran - Serpong ditarget rampung April 2019","https://www.merdeka.com/uang/ganti-rugi-lahan-dibayar-oktober-tol-kunciran-serpong-ditarget-rampung-april-2019.html","Sekitar 4 Bulan yang lalu"
"https://www.merdeka.com/tag/kementerian-pupr/index7/","https://cdns.klimg.com/merdeka.com/i/w/news/2018/09/13/1010031/140x70/pupr-optimis-program-satu-juta-rumah-capai-target-di-tahun-ini.jpg","PUPR optimis program satu juta rumah capai target di tahun ini","https://www.merdeka.com/uang/pupr-optimis-program-satu-juta-rumah-capai-target-di-tahun-ini.html","PUPR optimis program satu juta rumah capai target di tahun ini","https://www.merdeka.com/uang/pupr-optimis-program-satu-juta-rumah-capai-target-di-tahun-ini.html","Sekitar 4 Bulan yang lalu"
"https://www.merdeka.com/tag/kementerian-pupr/index7/","https://cdns.klimg.com/merdeka.com/i/w/news/2018/09/10/1009377/140x70/menengok-nasib-terkini-fasilitas-asian-games-2018.jpg","Menengok nasib terkini fasilitas Asian Games 2018","https://www.merdeka.com/uang/menengok-nasib-terkini-fasilitas-asian-games-2018.html","Menengok nasib terkini fasilitas Asian Games 2018","https://www.merdeka.com/uang/menengok-nasib-terkini-fasilitas-asian-games-2018.html","Sekitar 4 Bulan yang lalu"
"https://www.merdeka.com/tag/kementerian-pupr/index7/","https://cdns.klimg.com/merdeka.com/i/w/news/2018/09/10/1009262/140x70/kementerian-pupr-apresiasi-insan-pendukung-keberhasilan-asian-games-2018.jpg","Kementerian PUPR apresiasi insan pendukung keberhasilan Asian Games 2018","https://www.merdeka.com/uang/kementerian-pupr-apresiasi-insan-pendukung-keberhasilan-asian-games-2018.html","Kementerian PUPR apresiasi insan pendukung keberhasilan Asian Games 2018","https://www.merdeka.com/uang/kementerian-pupr-apresiasi-insan-pendukung-keberhasilan-asian-games-2018.html","Sekitar 4 Bulan yang lalu"
"https://www.merdeka.com/tag/kementerian-pupr/index7/","https://cdns.klimg.com/merdeka.com/i/w/news/2018/09/10/1009225/140x70/kadin-ntb-buka-toko-bahan-bangunan-permudah-masyarakat-bangun-rumah-pasca-gempa.jpg","Kadin NTB buka toko bahan bangunan permudah masyarakat bangun rumah pasca gempa","https://www.merdeka.com/uang/kadin-ntb-buka-toko-bahan-bangunan-permudah-masyarakat-bangun-rumah-pasca-gempa.html","Kadin NTB buka toko bahan bangunan permudah masyarakat bangun rumah pasca gempa","https://www.merdeka.com/uang/kadin-ntb-buka-toko-bahan-bangunan-permudah-masyarakat-bangun-rumah-pasca-gempa.html","Sekitar 4 Bulan yang lalu"
"https://www.merdeka.com/tag/kementerian-pupr/index7/","https://cdns.klimg.com/merdeka.com/i/w/news/2018/09/10/1009205/140x70/jurus-pupr-kebut-pembangunan-rumah-korban-gempa-tanpa-libatkan-kontraktor.jpeg","Jurus PUPR kebut pembangunan rumah korban gempa tanpa libatkan kontraktor","https://www.merdeka.com/uang/jurus-pupr-kebut-pembangunan-rumah-korban-gempa-tanpa-libatkan-kontraktor.html","Jurus PUPR kebut pembangunan rumah korban gempa tanpa libatkan kontraktor","https://www.merdeka.com/uang/jurus-pupr-kebut-pembangunan-rumah-korban-gempa-tanpa-libatkan-kontraktor.html","Sekitar 4 Bulan yang lalu"
"https://www.merdeka.com/tag/kementerian-pupr/index7/","https://cdns.klimg.com/merdeka.com/i/w/news/2018/09/09/1009013/140x70/menteri-basuki-manfaatkan-teknologi-hidrologi-perbaiki-irigasi-ri.jpeg","Menteri Basuki manfaatkan teknologi hidrologi perbaiki irigasi RI","https://www.merdeka.com/uang/menteri-basuki-manfaatkan-teknologi-hidrologi-perbaiki-irigasi-ri.html","Menteri Basuki manfaatkan teknologi hidrologi perbaiki irigasi RI","https://www.merdeka.com/uang/menteri-basuki-manfaatkan-teknologi-hidrologi-perbaiki-irigasi-ri.html","Sekitar 4 Bulan yang lalu"
"https://www.merdeka.com/tag/kementerian-pupr/index7/","https://cdns.klimg.com/merdeka.com/i/w/news/2018/09/08/1008889/140x70/menteri-basuki-ingin-indonesia-contek-korea-selatan-dalam-manajemen-sumber-daya-air.jpg","Menteri Basuki siap contek Korea Selatan dalam manajemen Sumber Daya Air","https://www.merdeka.com/uang/menteri-basuki-ingin-indonesia-contek-korea-selatan-dalam-manajemen-sumber-daya-air.html","Menteri Basuki siap contek Korea Selatan dalam manajemen Sumber Daya Air","https://www.merdeka.com/uang/menteri-basuki-ingin-indonesia-contek-korea-selatan-dalam-manajemen-sumber-daya-air.html","Sekitar 4 Bulan yang lalu"
"https://www.merdeka.com/tag/kementerian-pupr/index7/","https://cdns.klimg.com/merdeka.com/i/w/news/2018/09/08/1008879/140x70/menteri-basuki-ingin-ahli-teknik-hidraulik-buat-inovasi-sumber-daya-air.jpg","Menteri Basuki ingin ahli teknik hidraulik buat inovasi sumber daya air","https://www.merdeka.com/uang/menteri-basuki-ingin-ahli-teknik-hidraulik-buat-inovasi-sumber-daya-air.html","Menteri Basuki ingin ahli teknik hidraulik buat inovasi sumber daya air","https://www.merdeka.com/uang/menteri-basuki-ingin-ahli-teknik-hidraulik-buat-inovasi-sumber-daya-air.html","Sekitar 4 Bulan yang lalu"
"https://www.merdeka.com/tag/kementerian-pupr/index7/","https://cdns.klimg.com/merdeka.com/i/w/news/2018/09/07/1008687/140x70/jalan-aspal-dibangun-transportasi-di-kabupaten-mahulu-tak-lagi-lewat-sungai-mahakam.jpg","Jalan aspal dibangun, transportasi di Kabupaten Mahulu tak lagi lewat Sungai Mahakam","https://www.merdeka.com/uang/jalan-aspal-dibangun-transportasi-di-kabupaten-mahulu-tak-lagi-lewat-sungai-mahakam.html","Jalan aspal dibangun, transportasi di Kabupaten Mahulu tak lagi lewat Sungai Mahakam","https://www.merdeka.com/uang/jalan-aspal-dibangun-transportasi-di-kabupaten-mahulu-tak-lagi-lewat-sungai-mahakam.html","Sekitar 4 Bulan yang lalu"
"https://www.merdeka.com/tag/kementerian-pupr/index7/","https://cdns.klimg.com/merdeka.com/i/w/news/2018/09/06/1008599/140x70/kementerian-pu-pr-bangunkan-jalan-masyarakat-pedalaman-di-perbatasan-kalimantan.jpg","Kementerian PU-PR bangunkan jalan masyarakat pedalaman di perbatasan Kalimantan","https://www.merdeka.com/uang/kementerian-pu-pr-bangunkan-jalan-masyarakat-pedalaman-di-perbatasan-kalimantan.html","Kementerian PU-PR bangunkan jalan masyarakat pedalaman di perbatasan Kalimantan","https://www.merdeka.com/uang/kementerian-pu-pr-bangunkan-jalan-masyarakat-pedalaman-di-perbatasan-kalimantan.html","Sekitar 4 Bulan yang lalu"
"https://www.merdeka.com/tag/kementerian-pupr/index7/","https://cdns.klimg.com/merdeka.com/i/w/news/2018/09/05/1008012/140x70/jalan-perbatasan-kalimantan-sepanjang-1070-km-selesai-2019.jpg","Jalan perbatasan Kalimantan sepanjang 1.070 Km selesai 2019","https://www.merdeka.com/uang/jalan-perbatasan-kalimantan-sepanjang-1070-km-selesai-2019.html","Jalan perbatasan Kalimantan sepanjang 1.070 Km selesai 2019","https://www.merdeka.com/uang/jalan-perbatasan-kalimantan-sepanjang-1070-km-selesai-2019.html","Sekitar 4 Bulan yang lalu"
"https://www.merdeka.com/tag/kementerian-pupr/index7/","https://cdns.klimg.com/merdeka.com/i/w/news/2018/09/01/1007112/140x70/bertemu-menteri-pupr-wagub-ntb-minta-tambahan-alat-berat.jpg","Bertemu Menteri PUPR, Wagub NTB minta tambahan alat berat","https://www.merdeka.com/uang/bertemu-menteri-pupr-wagub-ntb-minta-tambahan-alat-berat.html","Bertemu Menteri PUPR, Wagub NTB minta tambahan alat berat","https://www.merdeka.com/uang/bertemu-menteri-pupr-wagub-ntb-minta-tambahan-alat-berat.html","Sekitar 4 Bulan yang lalu"
"https://www.merdeka.com/tag/kementerian-pupr/index8/","https://cdns.klimg.com/merdeka.com/i/w/news/2018/08/31/1007059/250x125/pemerintah-hadiahi-rumah-untuk-atlet-peraih-emas-di-asian-games-2018.jpg","Pemerintah hadiahi rumah untuk atlet peraih emas di Asian Games 2018","https://www.merdeka.com/uang/pemerintah-hadiahi-rumah-untuk-atlet-peraih-emas-di-asian-games-2018.html","Pemerintah hadiahi rumah untuk atlet peraih emas di Asian Games 2018","https://www.merdeka.com/uang/pemerintah-hadiahi-rumah-untuk-atlet-peraih-emas-di-asian-games-2018.html","Sekitar 4 Bulan yang lalu"
"https://www.merdeka.com/tag/kementerian-pupr/index8/","https://cdns.klimg.com/merdeka.com/i/w/news/2018/08/31/1007047/140x70/pemerintah-bakal-sediakan-bahan-bangunan-untuk-korban-gempa-lombok.jpg","Pemerintah bakal sediakan bahan bangunan untuk korban gempa Lombok","https://www.merdeka.com/uang/pemerintah-bakal-sediakan-bahan-bangunan-untuk-korban-gempa-lombok.html","Pemerintah bakal sediakan bahan bangunan untuk korban gempa Lombok","https://www.merdeka.com/uang/pemerintah-bakal-sediakan-bahan-bangunan-untuk-korban-gempa-lombok.html","Sekitar 4 Bulan yang lalu"
"https://www.merdeka.com/tag/kementerian-pupr/index8/","https://cdns.klimg.com/merdeka.com/i/w/news/2018/08/31/1007034/140x70/pemerintah-kebut-pembangunan-fasilitas-umum-dan-rumah-masyarakat-lombok.jpg","Pemerintah kebut pembangunan fasilitas umum dan rumah masyarakat Lombok","https://www.merdeka.com/uang/pemerintah-kebut-pembangunan-fasilitas-umum-dan-rumah-masyarakat-lombok.html","Pemerintah kebut pembangunan fasilitas umum dan rumah masyarakat Lombok","https://www.merdeka.com/uang/pemerintah-kebut-pembangunan-fasilitas-umum-dan-rumah-masyarakat-lombok.html","Sekitar 4 Bulan yang lalu"
"https://www.merdeka.com/tag/kementerian-pupr/index8/","https://cdns.klimg.com/merdeka.com/i/w/news/2018/08/31/1007003/140x70/pemerintah-beri-rp-50-juta-ke-tiap-kk-perbaiki-rumah-rusak-akibat-gempa.jpeg","Pemerintah beri Rp 50 juta ke tiap KK, perbaiki rumah rusak akibat gempa","https://www.merdeka.com/uang/pemerintah-beri-rp-50-juta-ke-tiap-kk-perbaiki-rumah-rusak-akibat-gempa.html","Pemerintah beri Rp 50 juta ke tiap KK, perbaiki rumah rusak akibat gempa","https://www.merdeka.com/uang/pemerintah-beri-rp-50-juta-ke-tiap-kk-perbaiki-rumah-rusak-akibat-gempa.html","Sekitar 4 Bulan yang lalu"
"https://www.merdeka.com/tag/kementerian-pupr/index8/","https://cdns.klimg.com/merdeka.com/i/w/news/2018/08/31/1006887/140x70/pupr-kirim-198-cpns-dan-178-insinyur-bantu-warga-lombok-bangun-hunian-tahan-gempa.jpeg","PUPR kirim 198 CPNS dan 178 insinyur bantu warga Lombok bangun hunian tahan gempa","https://www.merdeka.com/uang/pupr-kirim-198-cpns-dan-178-insinyur-bantu-warga-lombok-bangun-hunian-tahan-gempa.html","PUPR kirim 198 CPNS dan 178 insinyur bantu warga Lombok bangun hunian tahan gempa","https://www.merdeka.com/uang/pupr-kirim-198-cpns-dan-178-insinyur-bantu-warga-lombok-bangun-hunian-tahan-gempa.html","Sekitar 4 Bulan yang lalu"
"https://www.merdeka.com/tag/kementerian-pupr/index8/","https://cdns.klimg.com/merdeka.com/i/w/news/2018/08/30/1006815/140x70/selain-uang-rp-15-miliar-atlet-peraih-medali-ems-asian-games-dihadiahi-rumah.jpg","Selain uang Rp 1,5 miliar, atlet peraih medali ems Asian Games dihadiahi rumah","https://www.merdeka.com/peristiwa/selain-uang-rp-15-miliar-atlet-peraih-medali-ems-asian-games-dihadiahi-rumah.html","Selain uang Rp 1,5 miliar, atlet peraih medali ems Asian Games dihadiahi rumah","https://www.merdeka.com/peristiwa/selain-uang-rp-15-miliar-atlet-peraih-medali-ems-asian-games-dihadiahi-rumah.html","Sekitar 4 Bulan yang lalu"
"https://www.merdeka.com/tag/kementerian-pupr/index8/","https://cdns.klimg.com/merdeka.com/i/w/news/2018/08/27/1005864/140x70/jadikan-manahan-sugbk-mini-kemen-pupr-siapkan-anggaran-rp-301-m.jpg","Jadikan Manahan SUGBK mini, Kemen PUPR siapkan anggaran Rp 301 M","https://www.merdeka.com/peristiwa/jadikan-manahan-sugbk-mini-kemen-pupr-siapkan-anggaran-rp-301-m.html","Jadikan Manahan SUGBK mini, Kemen PUPR siapkan anggaran Rp 301 M","https://www.merdeka.com/peristiwa/jadikan-manahan-sugbk-mini-kemen-pupr-siapkan-anggaran-rp-301-m.html","Sekitar 4 Bulan yang lalu"
"https://www.merdeka.com/tag/kementerian-pupr/index8/","https://cdns.klimg.com/merdeka.com/i/w/news/2018/08/27/1005835/140x70/ini-aksi-tanggap-darurat-kementerian-pupr-tangani-gempa-lombok.jpeg","Ini aksi tanggap darurat Kementerian PUPR tangani gempa Lombok","https://www.merdeka.com/uang/ini-aksi-tanggap-darurat-kementerian-pupr-tangani-gempa-lombok.html","Ini aksi tanggap darurat Kementerian PUPR tangani gempa Lombok","https://www.merdeka.com/uang/ini-aksi-tanggap-darurat-kementerian-pupr-tangani-gempa-lombok.html","Sekitar 4 Bulan yang lalu"
"https://www.merdeka.com/tag/kementerian-pupr/index8/","https://cdns.klimg.com/merdeka.com/i/w/news/2018/08/27/1005813/140x70/pemerintah-bakal-gandeng-mahasiswa-perbaiki-infrastruktur-di-lombok.jpeg","Pemerintah bakal gandeng mahasiswa perbaiki infrastruktur di Lombok","https://www.merdeka.com/uang/pemerintah-bakal-gandeng-mahasiswa-perbaiki-infrastruktur-di-lombok.html","Pemerintah bakal gandeng mahasiswa perbaiki infrastruktur di Lombok","https://www.merdeka.com/uang/pemerintah-bakal-gandeng-mahasiswa-perbaiki-infrastruktur-di-lombok.html","Sekitar 4 Bulan yang lalu"
"https://www.merdeka.com/tag/kementerian-pupr/index8/","https://cdns.klimg.com/merdeka.com/i/w/news/2018/08/27/1005703/140x70/pupr-fasilitas-publik-lombok-akan-berfungsi-kembali-desember-2018.jpg","PUPR: Fasilitas publik Lombok akan berfungsi kembali Desember 2018","https://www.merdeka.com/uang/pupr-fasilitas-publik-lombok-akan-berfungsi-kembali-desember-2018.html","PUPR: Fasilitas publik Lombok akan berfungsi kembali Desember 2018","https://www.merdeka.com/uang/pupr-fasilitas-publik-lombok-akan-berfungsi-kembali-desember-2018.html","Sekitar 4 Bulan yang lalu"
"https://www.merdeka.com/tag/kementerian-pupr/index8/","https://cdns.klimg.com/merdeka.com/i/w/news/2018/08/25/1005362/140x70/menteri-basuki-pembangunan-infrastruktur-demi-pemerataan-dan-keadilan.jpg","Menteri Basuki: Pembangunan infrastruktur demi pemerataan dan keadilan","https://www.merdeka.com/uang/menteri-basuki-pembangunan-infrastruktur-demi-pemerataan-dan-keadilan.html","Menteri Basuki: Pembangunan infrastruktur demi pemerataan dan keadilan","https://www.merdeka.com/uang/menteri-basuki-pembangunan-infrastruktur-demi-pemerataan-dan-keadilan.html","Sekitar 4 Bulan yang lalu"
"https://www.merdeka.com/tag/kementerian-pupr/index8/","https://cdns.klimg.com/merdeka.com/i/w/news/2018/08/23/1004906/140x70/ini-rahasia-menteri-basuki-dalam-penciptaan-bangunan-ikonik-di-tiap-daerah.jpeg","Ini rahasia Menteri Basuki dalam penciptaan bangunan ikonik di tiap daerah","https://www.merdeka.com/uang/ini-rahasia-menteri-basuki-dalam-penciptaan-bangunan-ikonik-di-tiap-daerah.html","Ini rahasia Menteri Basuki dalam penciptaan bangunan ikonik di tiap daerah","https://www.merdeka.com/uang/ini-rahasia-menteri-basuki-dalam-penciptaan-bangunan-ikonik-di-tiap-daerah.html","Sekitar 5 Bulan yang lalu"
"https://www.merdeka.com/tag/kementerian-pupr/index8/","https://cdns.klimg.com/merdeka.com/i/w/news/2018/08/23/1004899/140x70/korban-gempa-lombok-dibebaskan-sementara-dari-pembayaran-cicilan-kpr.jpeg","Korban gempa Lombok dibebaskan sementara dari pembayaran cicilan KPR","https://www.merdeka.com/uang/korban-gempa-lombok-dibebaskan-sementara-dari-pembayaran-cicilan-kpr.html","Korban gempa Lombok dibebaskan sementara dari pembayaran cicilan KPR","https://www.merdeka.com/uang/korban-gempa-lombok-dibebaskan-sementara-dari-pembayaran-cicilan-kpr.html","Sekitar 5 Bulan yang lalu"
"https://www.merdeka.com/tag/kementerian-pupr/index8/","https://cdns.klimg.com/merdeka.com/i/w/news/2018/08/23/1004885/140x70/beli-rumah-subsidi-masyarakat-berpenghasilan-rendah-dapat-asuransi-ini.jpg","Beli rumah subsidi, masyarakat berpenghasilan rendah dapat asuransi ini","https://www.merdeka.com/uang/beli-rumah-subsidi-masyarakat-berpenghasilan-rendah-dapat-asuransi-ini.html","Beli rumah subsidi, masyarakat berpenghasilan rendah dapat asuransi ini","https://www.merdeka.com/uang/beli-rumah-subsidi-masyarakat-berpenghasilan-rendah-dapat-asuransi-ini.html","Sekitar 5 Bulan yang lalu"
"https://www.merdeka.com/tag/kementerian-pupr/index8/","https://cdns.klimg.com/merdeka.com/i/w/news/2018/08/23/1004855/140x70/menteri-basuki-ri-perlu-cara-rock-and-roll-kejar-ketertinggalan-infrastruktur.jpg","Menteri Basuki: RI perlu cara 'rock and roll' kejar ketertinggalan infrastruktur","https://www.merdeka.com/uang/menteri-basuki-ri-perlu-cara-rock-and-roll-kejar-ketertinggalan-infrastruktur.html","Menteri Basuki: RI perlu cara 'rock and roll' kejar ketertinggalan infrastruktur","https://www.merdeka.com/uang/menteri-basuki-ri-perlu-cara-rock-and-roll-kejar-ketertinggalan-infrastruktur.html","Sekitar 5 Bulan yang lalu"
"https://www.merdeka.com/tag/kementerian-pupr/index8/","https://cdns.klimg.com/merdeka.com/i/w/news/2018/08/23/1004837/140x70/per-28-agustus-tarif-tol-akses-cikarang-dry-port-mulai-rp-4500.jpg","Per 28 Agustus, tarif tol akses Cikarang Dry Port mulai Rp 4.500","https://www.merdeka.com/uang/per-28-agustus-tarif-tol-akses-cikarang-dry-port-mulai-rp-4500.html","Per 28 Agustus, tarif tol akses Cikarang Dry Port mulai Rp 4.500","https://www.merdeka.com/uang/per-28-agustus-tarif-tol-akses-cikarang-dry-port-mulai-rp-4500.html","Sekitar 5 Bulan yang lalu"
"https://www.merdeka.com/tag/kementerian-pupr/index8/","https://cdns.klimg.com/merdeka.com/i/w/news/2018/08/23/1004830/140x70/kementerian-pu-pr-bangun-582638-unit-rumah-murah-per-20-agustus.jpg","Kementerian PU-PR bangun 582.638 unit rumah murah per 20 Agustus","https://www.merdeka.com/uang/kementerian-pu-pr-bangun-582638-unit-rumah-murah-per-20-agustus.html","Kementerian PU-PR bangun 582.638 unit rumah murah per 20 Agustus","https://www.merdeka.com/uang/kementerian-pu-pr-bangun-582638-unit-rumah-murah-per-20-agustus.html","Sekitar 5 Bulan yang lalu"
"https://www.merdeka.com/tag/kementerian-pupr/index8/","https://cdns.klimg.com/merdeka.com/i/w/news/2018/08/23/1004739/140x70/menteri-basuki-ajak-kadin-bangun-rumah-tahan-gempa-di-lombok.jpg","Menteri Basuki ajak Kadin bangun rumah tahan gempa di Lombok","https://www.merdeka.com/uang/menteri-basuki-ajak-kadin-bangun-rumah-tahan-gempa-di-lombok.html","Menteri Basuki ajak Kadin bangun rumah tahan gempa di Lombok","https://www.merdeka.com/uang/menteri-basuki-ajak-kadin-bangun-rumah-tahan-gempa-di-lombok.html","Sekitar 5 Bulan yang lalu"
"https://www.merdeka.com/tag/kementerian-pupr/index8/","https://cdns.klimg.com/merdeka.com/i/w/news/2018/08/23/1004723/140x70/konektivitas-infrastruktur-turunkan-biaya-logistik-jadi-20-persen-di-2019.jpg","Konektivitas infrastruktur turunkan biaya logistik jadi 20 persen di 2019","https://www.merdeka.com/uang/konektivitas-infrastruktur-turunkan-biaya-logistik-jadi-20-persen-di-2019.html","Konektivitas infrastruktur turunkan biaya logistik jadi 20 persen di 2019","https://www.merdeka.com/uang/konektivitas-infrastruktur-turunkan-biaya-logistik-jadi-20-persen-di-2019.html","Sekitar 5 Bulan yang lalu"
"https://www.merdeka.com/tag/kementerian-pupr/index8/","https://cdns.klimg.com/merdeka.com/i/w/news/2018/08/23/1004699/140x70/ketimpangan-jumlah-penduduk-dan-sda-jadi-tantangan-pembangunan-infrastruktur-ri.jpg","Ketimpangan jumlah penduduk dan SDA jadi tantangan pembangunan infrastruktur RI","https://www.merdeka.com/uang/ketimpangan-jumlah-penduduk-dan-sda-jadi-tantangan-pembangunan-infrastruktur-ri.html","Ketimpangan jumlah penduduk dan SDA jadi tantangan pembangunan infrastruktur RI","https://www.merdeka.com/uang/ketimpangan-jumlah-penduduk-dan-sda-jadi-tantangan-pembangunan-infrastruktur-ri.html","Sekitar 5 Bulan yang lalu"
