,comment,like,owner,shortcode,timestamp,account,date,time
0,0,10,3411126361,B04p7NSg53K,2019-08-08 01:52:33,https://www.instagram.com/p/B04p7NSg53K/,2019-08-08,01:52:33
1,2,27,394754410,B04cIAZgjhx,2019-08-07 23:51:58,https://www.instagram.com/p/B04cIAZgjhx/,2019-08-07,23:51:58
2,0,27,472842445,B04bzX-HK_O,2019-08-07 23:49:09,https://www.instagram.com/p/B04bzX-HK_O/,2019-08-07,23:49:09
3,0,18,1445430148,B03xlyNju0x,2019-08-07 17:40:18,https://www.instagram.com/p/B03xlyNju0x/,2019-08-07,17:40:18
4,0,26,3477007260,B03sSRhAZMg,2019-08-07 16:53:57,https://www.instagram.com/p/B03sSRhAZMg/,2019-08-07,16:53:57
5,1,18,3539889063,B03f3xQBTD4,2019-08-07 15:05:28,https://www.instagram.com/p/B03f3xQBTD4/,2019-08-07,15:05:28
6,0,21,1346849030,B03eN3CB6fx,2019-08-07 14:51:00,https://www.instagram.com/p/B03eN3CB6fx/,2019-08-07,14:51:00
7,1,23,1780947931,B03bzynHDxr,2019-08-07 14:29:58,https://www.instagram.com/p/B03bzynHDxr/,2019-08-07,14:29:58
8,2,7,2046768428,B03WXaKpmre,2019-08-07 13:42:24,https://www.instagram.com/p/B03WXaKpmre/,2019-08-07,13:42:24
9,0,44,594968558,B03UaUUFJ_H,2019-08-07 13:25:20,https://www.instagram.com/p/B03UaUUFJ_H/,2019-08-07,13:25:20
10,0,3,1355583763,B03Q8F7HB4r,2019-08-07 12:54:59,https://www.instagram.com/p/B03Q8F7HB4r/,2019-08-07,12:54:59
11,0,90,1434276572,B03PWPWHqGH,2019-08-07 12:41:05,https://www.instagram.com/p/B03PWPWHqGH/,2019-08-07,12:41:05
12,0,51,1458303155,B03Mo0Cjuyl,2019-08-07 12:17:24,https://www.instagram.com/p/B03Mo0Cjuyl/,2019-08-07,12:17:24
13,16,158,8727010621,B03MNNQAkHd,2019-08-07 12:13:38,https://www.instagram.com/p/B03MNNQAkHd/,2019-08-07,12:13:38
14,13,43,274815706,B03Lh4_lmbV,2019-08-07 12:07:43,https://www.instagram.com/p/B03Lh4_lmbV/,2019-08-07,12:07:43
15,0,24,2080851102,B03KrY6JB9q,2019-08-07 12:00:16,https://www.instagram.com/p/B03KrY6JB9q/,2019-08-07,12:00:16
16,3,10,1087275120,B03JkE2FzHs,2019-08-07 11:50:32,https://www.instagram.com/p/B03JkE2FzHs/,2019-08-07,11:50:32
17,0,2,3116368364,B03JA46HusL,2019-08-07 11:46:10,https://www.instagram.com/p/B03JA46HusL/,2019-08-07,11:46:10
18,4,104,327922107,B03DihmnEvq,2019-08-07 10:57:54,https://www.instagram.com/p/B03DihmnEvq/,2019-08-07,10:57:54
19,6,30,526833538,B03Bq--FM6Q,2019-08-07 10:41:35,https://www.instagram.com/p/B03Bq--FM6Q/,2019-08-07,10:41:35
20,0,36,1993356876,B03BHWMHRbF,2019-08-07 10:36:43,https://www.instagram.com/p/B03BHWMHRbF/,2019-08-07,10:36:43
21,0,61,1183545034,B02-YQ_BGJ7,2019-08-07 10:12:48,https://www.instagram.com/p/B02-YQ_BGJ7/,2019-08-07,10:12:48
22,1,56,487249685,B0296jJhwkR,2019-08-07 10:08:45,https://www.instagram.com/p/B0296jJhwkR/,2019-08-07,10:08:45
23,0,18,4261715017,B029IPXnDkr,2019-08-07 10:01:53,https://www.instagram.com/p/B029IPXnDkr/,2019-08-07,10:01:53
24,1,36,1501998988,B028P99gIUo,2019-08-07 09:54:12,https://www.instagram.com/p/B028P99gIUo/,2019-08-07,09:54:12
25,3,81,5949067221,B026AhFhiz3,2019-08-07 09:34:37,https://www.instagram.com/p/B026AhFhiz3/,2019-08-07,09:34:37
26,0,24,1527963844,B025QuUJ5XA,2019-08-07 09:28:05,https://www.instagram.com/p/B025QuUJ5XA/,2019-08-07,09:28:05
27,10,1601,3057432082,B023sv6gfyj,2019-08-07 09:14:26,https://www.instagram.com/p/B023sv6gfyj/,2019-08-07,09:14:26
28,0,30,620796197,B023nYxB8GN,2019-08-07 09:13:42,https://www.instagram.com/p/B023nYxB8GN/,2019-08-07,09:13:42
29,0,38,644019308,B022t8ZjuKW,2019-08-07 09:05:52,https://www.instagram.com/p/B022t8ZjuKW/,2019-08-07,09:05:52
30,0,32,3187383235,B02xU3vFhND,2019-08-07 08:18:45,https://www.instagram.com/p/B02xU3vFhND/,2019-08-07,08:18:45
31,2,90,1659319956,B02xSm8F3m5,2019-08-07 08:18:26,https://www.instagram.com/p/B02xSm8F3m5/,2019-08-07,08:18:26
32,15,657,542634023,B02r61SnYOA,2019-08-07 07:31:30,https://www.instagram.com/p/B02r61SnYOA/,2019-08-07,07:31:30
33,0,3,6132953721,B02qEpKFWzw,2019-08-07 07:15:22,https://www.instagram.com/p/B02qEpKFWzw/,2019-08-07,07:15:22
34,15,29,5698912760,B02m56kHYQI,2019-08-07 06:47:41,https://www.instagram.com/p/B02m56kHYQI/,2019-08-07,06:47:41
35,10,32,610462456,B02lDsNAoMs,2019-08-07 06:31:33,https://www.instagram.com/p/B02lDsNAoMs/,2019-08-07,06:31:33
36,0,21,41969346,B02hXOEjr_6,2019-08-07 05:59:15,https://www.instagram.com/p/B02hXOEjr_6/,2019-08-07,05:59:15
37,1,33,1435370692,B02hUmzjFlM,2019-08-07 05:58:54,https://www.instagram.com/p/B02hUmzjFlM/,2019-08-07,05:58:54
38,17,272,6063755528,B02f9fOAS6q,2019-08-07 05:47:00,https://www.instagram.com/p/B02f9fOAS6q/,2019-08-07,05:47:00
39,0,43,578859038,B02cXhzB8yL,2019-08-07 05:15:37,https://www.instagram.com/p/B02cXhzB8yL/,2019-08-07,05:15:37
40,0,49,522193636,B02YlWulIff,2019-08-07 04:42:33,https://www.instagram.com/p/B02YlWulIff/,2019-08-07,04:42:33
41,0,50,1270993224,B02VgROB3y9,2019-08-07 04:15:38,https://www.instagram.com/p/B02VgROB3y9/,2019-08-07,04:15:38
42,0,42,2019088336,B02TzQopNRT,2019-08-07 04:00:45,https://www.instagram.com/p/B02TzQopNRT/,2019-08-07,04:00:45
43,0,90,1395789817,B02RdXBBn82,2019-08-07 03:40:17,https://www.instagram.com/p/B02RdXBBn82/,2019-08-07,03:40:17
44,2,49,1509618761,B02RAu1BvBJ,2019-08-07 03:36:23,https://www.instagram.com/p/B02RAu1BvBJ/,2019-08-07,03:36:23
45,0,33,1509874906,B02PIhIB41U,2019-08-07 03:19:58,https://www.instagram.com/p/B02PIhIB41U/,2019-08-07,03:19:58
46,0,13,1485306110,B02O52zp8vX,2019-08-07 03:17:58,https://www.instagram.com/p/B02O52zp8vX/,2019-08-07,03:17:58
47,3,39,1180969292,B02OjYXlEXW,2019-08-07 03:14:54,https://www.instagram.com/p/B02OjYXlEXW/,2019-08-07,03:14:54
48,0,34,4130545384,B02N0rOhs7s,2019-08-07 03:08:31,https://www.instagram.com/p/B02N0rOhs7s/,2019-08-07,03:08:31
49,0,50,330378876,B02LnvaB3Jl,2019-08-07 02:49:16,https://www.instagram.com/p/B02LnvaB3Jl/,2019-08-07,02:49:16
50,0,16,839099035,B02LetPAkXV,2019-08-07 02:48:02,https://www.instagram.com/p/B02LetPAkXV/,2019-08-07,02:48:02
51,0,39,190010627,B02LEvZFDz0,2019-08-07 02:44:30,https://www.instagram.com/p/B02LEvZFDz0/,2019-08-07,02:44:30
52,0,33,211432241,B02Kya1g3gx,2019-08-07 02:42:00,https://www.instagram.com/p/B02Kya1g3gx/,2019-08-07,02:42:00
53,0,39,5774129525,B02HTTPF13E,2019-08-07 02:11:32,https://www.instagram.com/p/B02HTTPF13E/,2019-08-07,02:11:32
54,0,9,5996815031,B02FAWng-_B,2019-08-07 01:51:28,https://www.instagram.com/p/B02FAWng-_B/,2019-08-07,01:51:28
55,0,47,3638259569,B02EPjYpBCq,2019-08-07 01:44:48,https://www.instagram.com/p/B02EPjYpBCq/,2019-08-07,01:44:48
56,6,49,263807286,B01_YWxlcML,2019-08-07 01:02:19,https://www.instagram.com/p/B01_YWxlcML/,2019-08-07,01:02:19
57,0,94,318177522,B01-MppnS1W,2019-08-07 00:51:59,https://www.instagram.com/p/B01-MppnS1W/,2019-08-07,00:51:59
58,40,2049,2221198761,B019RQRlUkh,2019-08-07 00:43:52,https://www.instagram.com/p/B019RQRlUkh/,2019-08-07,00:43:52
59,0,3,627860595,B013TV4hAz-,2019-08-06 23:51:44,https://www.instagram.com/p/B013TV4hAz-/,2019-08-06,23:51:44
60,1,15,1828391554,B012PC0Hb8y,2019-08-06 23:42:24,https://www.instagram.com/p/B012PC0Hb8y/,2019-08-06,23:42:24
61,0,19,4579297087,B01xtmBBGAg,2019-08-06 23:02:53,https://www.instagram.com/p/B01xtmBBGAg/,2019-08-06,23:02:53
62,2,57,302580361,B01VzXDJ2Sv,2019-08-06 18:59:00,https://www.instagram.com/p/B01VzXDJ2Sv/,2019-08-06,18:59:00
63,0,3,3611628786,B01ThnKpELI,2019-08-06 18:39:06,https://www.instagram.com/p/B01ThnKpELI/,2019-08-06,18:39:06
64,1,18,690603125,B01Rg3zghuW,2019-08-06 18:21:31,https://www.instagram.com/p/B01Rg3zghuW/,2019-08-06,18:21:31
65,0,10,5627516386,B01PrEIBqBB,2019-08-06 18:05:26,https://www.instagram.com/p/B01PrEIBqBB/,2019-08-06,18:05:26
66,0,58,424150961,B01MdloFUV0,2019-08-06 17:37:23,https://www.instagram.com/p/B01MdloFUV0/,2019-08-06,17:37:23
67,1,55,1480612641,B01LkVhDv_H,2019-08-06 17:29:34,https://www.instagram.com/p/B01LkVhDv_H/,2019-08-06,17:29:34
68,0,20,640394805,B01KWUaHlE4,2019-08-06 17:18:55,https://www.instagram.com/p/B01KWUaHlE4/,2019-08-06,17:18:55
69,0,79,561705951,B01IotsHjDO,2019-08-06 17:03:57,https://www.instagram.com/p/B01IotsHjDO/,2019-08-06,17:03:57
70,0,28,580795589,B01D5YmAPia,2019-08-06 16:22:32,https://www.instagram.com/p/B01D5YmAPia/,2019-08-06,16:22:32
71,2,30,1761322853,B01CyNPneVN,2019-08-06 16:12:49,https://www.instagram.com/p/B01CyNPneVN/,2019-08-06,16:12:49
72,0,55,1971601822,B01CjNuB89v,2019-08-06 16:10:46,https://www.instagram.com/p/B01CjNuB89v/,2019-08-06,16:10:46
73,7,35,3317373604,B01Ahv_H5Mh,2019-08-06 15:53:06,https://www.instagram.com/p/B01Ahv_H5Mh/,2019-08-06,15:53:06
74,0,33,333820793,B01AORtpq9u,2019-08-06 15:50:26,https://www.instagram.com/p/B01AORtpq9u/,2019-08-06,15:50:26
75,8,25,250086967,B00-oqNBsS9,2019-08-06 15:36:34,https://www.instagram.com/p/B00-oqNBsS9/,2019-08-06,15:36:34
76,3,30,9781196,B00-Wh4AZAy,2019-08-06 15:34:05,https://www.instagram.com/p/B00-Wh4AZAy/,2019-08-06,15:34:05
77,0,41,3242072875,B009S51HUly,2019-08-06 15:24:51,https://www.instagram.com/p/B009S51HUly/,2019-08-06,15:24:51
78,0,18,246986144,B007hMiHImu,2019-08-06 15:09:20,https://www.instagram.com/p/B007hMiHImu/,2019-08-06,15:09:20
79,10,17,1332627466,B0069rsl31U,2019-08-06 15:04:29,https://www.instagram.com/p/B0069rsl31U/,2019-08-06,15:04:29
80,0,19,3310351557,B006WE1hBSs,2019-08-06 14:59:04,https://www.instagram.com/p/B006WE1hBSs/,2019-08-06,14:59:04
81,0,82,342368579,B006D0nAyWx,2019-08-06 14:56:35,https://www.instagram.com/p/B006D0nAyWx/,2019-08-06,14:56:35
82,0,11,1188585177,B006DH7AZzX,2019-08-06 14:56:29,https://www.instagram.com/p/B006DH7AZzX/,2019-08-06,14:56:29
83,1,39,222947564,B0057K2n440,2019-08-06 14:55:24,https://www.instagram.com/p/B0057K2n440/,2019-08-06,14:55:24
84,0,4,8211622288,B005vtUp5Iq,2019-08-06 14:53:50,https://www.instagram.com/p/B005vtUp5Iq/,2019-08-06,14:53:50
85,0,21,1405580754,B004iirhd1Y,2019-08-06 14:43:18,https://www.instagram.com/p/B004iirhd1Y/,2019-08-06,14:43:18
86,0,21,300905576,B002fMKnxi7,2019-08-06 14:25:22,https://www.instagram.com/p/B002fMKnxi7/,2019-08-06,14:25:22
87,0,17,1434728207,B0016JSgVGx,2019-08-06 14:20:18,https://www.instagram.com/p/B0016JSgVGx/,2019-08-06,14:20:18
88,0,9,245208507,B001wm2n13T,2019-08-06 14:19:00,https://www.instagram.com/p/B001wm2n13T/,2019-08-06,14:19:00
89,0,10,556275667,B000-4wAxYH,2019-08-06 14:12:13,https://www.instagram.com/p/B000-4wAxYH/,2019-08-06,14:12:13
90,1,63,469570971,B000HHVAGbE,2019-08-06 14:04:36,https://www.instagram.com/p/B000HHVAGbE/,2019-08-06,14:04:36
91,188,6034,3054105643,B00z8rwH10e,2019-08-06 14:03:11,https://www.instagram.com/p/B00z8rwH10e/,2019-08-06,14:03:11
92,23,1427,2815651216,B00zuGdFFho,2019-08-06 14:01:11,https://www.instagram.com/p/B00zuGdFFho/,2019-08-06,14:01:11
93,0,8,7312081992,B00zn5UAbja,2019-08-06 14:00:20,https://www.instagram.com/p/B00zn5UAbja/,2019-08-06,14:00:20
94,1,32,1760290820,B00y_Ppnxx1,2019-08-06 13:54:47,https://www.instagram.com/p/B00y_Ppnxx1/,2019-08-06,13:54:47
95,0,15,2225230560,B00yAwCAPMZ,2019-08-06 13:46:15,https://www.instagram.com/p/B00yAwCAPMZ/,2019-08-06,13:46:15
96,0,38,261209763,B00x-lcHSk_,2019-08-06 13:45:58,https://www.instagram.com/p/B00x-lcHSk_/,2019-08-06,13:45:58
97,0,11,432094855,B00wrZ8jMWy,2019-08-06 13:34:36,https://www.instagram.com/p/B00wrZ8jMWy/,2019-08-06,13:34:36
98,0,68,1188868625,B00wnvaJxok,2019-08-06 13:34:06,https://www.instagram.com/p/B00wnvaJxok/,2019-08-06,13:34:06
99,0,28,291050638,B00wV4YhcAb,2019-08-06 13:31:40,https://www.instagram.com/p/B00wV4YhcAb/,2019-08-06,13:31:40
100,0,32,1419274577,B00wUjTgEL0,2019-08-06 13:31:29,https://www.instagram.com/p/B00wUjTgEL0/,2019-08-06,13:31:29
101,0,109,509936652,B00wKZ4F4HC,2019-08-06 13:30:06,https://www.instagram.com/p/B00wKZ4F4HC/,2019-08-06,13:30:06
102,1,23,1527842813,B00wJlJHrcT,2019-08-06 13:29:59,https://www.instagram.com/p/B00wJlJHrcT/,2019-08-06,13:29:59
103,1,94,3819371723,B00wCDgngm6,2019-08-06 13:28:58,https://www.instagram.com/p/B00wCDgngm6/,2019-08-06,13:28:58
104,0,86,631107018,B00vBlZnWLl,2019-08-06 13:20:09,https://www.instagram.com/p/B00vBlZnWLl/,2019-08-06,13:20:09
105,0,49,1319280403,B00uQKcHfCo,2019-08-06 13:13:25,https://www.instagram.com/p/B00uQKcHfCo/,2019-08-06,13:13:25
106,18,470,8727010621,B00uEo-AZKK,2019-08-06 13:13:10,https://www.instagram.com/p/B00uEo-AZKK/,2019-08-06,13:13:10
107,0,7,6825887576,B00tItvHeGH,2019-08-06 13:03:39,https://www.instagram.com/p/B00tItvHeGH/,2019-08-06,13:03:39
108,0,16,4261715017,B00rrBknI_h,2019-08-06 12:50:52,https://www.instagram.com/p/B00rrBknI_h/,2019-08-06,12:50:52
109,2,23,1817439297,B00rnxzD8R-,2019-08-06 12:50:25,https://www.instagram.com/p/B00rnxzD8R-/,2019-08-06,12:50:25
110,0,56,594430630,B00qyicgVnR,2019-08-06 12:43:09,https://www.instagram.com/p/B00qyicgVnR/,2019-08-06,12:43:09
111,0,28,353988826,B00quFJpaGd,2019-08-06 12:42:32,https://www.instagram.com/p/B00quFJpaGd/,2019-08-06,12:42:32
112,0,88,1692219393,B00p8gSHZL4,2019-08-06 12:35:46,https://www.instagram.com/p/B00p8gSHZL4/,2019-08-06,12:35:46
113,0,20,1453064118,B00pdBIJyAp,2019-08-06 12:31:28,https://www.instagram.com/p/B00pdBIJyAp/,2019-08-06,12:31:28
114,0,14,1313051902,B00pL_Ejf48,2019-08-06 12:29:09,https://www.instagram.com/p/B00pL_Ejf48/,2019-08-06,12:29:09
115,0,15,1221424280,B00nuDchcW0,2019-08-06 12:16:19,https://www.instagram.com/p/B00nuDchcW0/,2019-08-06,12:16:19
116,1,68,1534598007,B00nTWCJGN6,2019-08-06 12:12:41,https://www.instagram.com/p/B00nTWCJGN6/,2019-08-06,12:12:41
117,0,44,4367681506,B00nSg6n_CV,2019-08-06 12:12:34,https://www.instagram.com/p/B00nSg6n_CV/,2019-08-06,12:12:34
118,0,25,2275931752,B00nPrEBAPg,2019-08-06 12:12:10,https://www.instagram.com/p/B00nPrEBAPg/,2019-08-06,12:12:10
119,0,19,1520677671,B00nOwEAdRC,2019-08-06 12:12:03,https://www.instagram.com/p/B00nOwEAdRC/,2019-08-06,12:12:03
120,0,30,1594269419,B00nIL1D182,2019-08-06 12:11:09,https://www.instagram.com/p/B00nIL1D182/,2019-08-06,12:11:09
121,3,15,2130952258,B00llDjB2dL,2019-08-06 11:57:37,https://www.instagram.com/p/B00llDjB2dL/,2019-08-06,11:57:37
122,0,27,2118832371,B00lOVeldxs,2019-08-06 11:54:31,https://www.instagram.com/p/B00lOVeldxs/,2019-08-06,11:54:31
123,0,25,548726316,B00lEiaFZkS,2019-08-06 11:53:11,https://www.instagram.com/p/B00lEiaFZkS/,2019-08-06,11:53:11
124,1,40,271973822,B00k-9kDCiV,2019-08-06 11:52:25,https://www.instagram.com/p/B00k-9kDCiV/,2019-08-06,11:52:25
125,0,11,3287333658,B00k2hYnFji,2019-08-06 11:51:16,https://www.instagram.com/p/B00k2hYnFji/,2019-08-06,11:51:16
126,0,3,5764336,B00kx9EAB6O,2019-08-06 11:50:38,https://www.instagram.com/p/B00kx9EAB6O/,2019-08-06,11:50:38
127,1,34,395825476,B00kXiyFPog,2019-08-06 11:47:02,https://www.instagram.com/p/B00kXiyFPog/,2019-08-06,11:47:02
128,8,310,8727010621,B00j1USAI5b,2019-08-06 11:42:22,https://www.instagram.com/p/B00j1USAI5b/,2019-08-06,11:42:22
129,0,24,281206995,B00jtIAn_nw,2019-08-06 11:41:15,https://www.instagram.com/p/B00jtIAn_nw/,2019-08-06,11:41:15
130,0,31,10890934310,B00jqUGnXVJ,2019-08-06 11:40:52,https://www.instagram.com/p/B00jqUGnXVJ/,2019-08-06,11:40:52
131,0,20,2960933233,B00jqB-gmZU,2019-08-06 11:40:49,https://www.instagram.com/p/B00jqB-gmZU/,2019-08-06,11:40:49
132,0,8,5733984090,B00jeYUHlqq,2019-08-06 11:39:14,https://www.instagram.com/p/B00jeYUHlqq/,2019-08-06,11:39:14
133,1,17,3251659939,B00jeKmJRLs,2019-08-06 11:39:12,https://www.instagram.com/p/B00jeKmJRLs/,2019-08-06,11:39:12
134,0,7,5733984090,B00jcetnO8M,2019-08-06 11:38:58,https://www.instagram.com/p/B00jcetnO8M/,2019-08-06,11:38:58
135,3,36,397239588,B00jcKEAblp,2019-08-06 11:38:56,https://www.instagram.com/p/B00jcKEAblp/,2019-08-06,11:38:56
136,0,27,925454416,B00jOfyAs3I,2019-08-06 11:37:04,https://www.instagram.com/p/B00jOfyAs3I/,2019-08-06,11:37:04
137,0,35,1441042286,B00jB-BB_OB,2019-08-06 11:35:21,https://www.instagram.com/p/B00jB-BB_OB/,2019-08-06,11:35:21
138,0,22,9313742611,B00iR0RBtD1,2019-08-06 11:28:47,https://www.instagram.com/p/B00iR0RBtD1/,2019-08-06,11:28:47
139,3,33,1619926212,B00iKv2Agc5,2019-08-06 11:27:49,https://www.instagram.com/p/B00iKv2Agc5/,2019-08-06,11:27:49
140,1,29,876220481,B00h3jUnB4X,2019-08-06 11:25:11,https://www.instagram.com/p/B00h3jUnB4X/,2019-08-06,11:25:11
141,0,66,1702379581,B00h18Ol66R,2019-08-06 11:24:58,https://www.instagram.com/p/B00h18Ol66R/,2019-08-06,11:24:58
142,1,22,2320418695,B00hnGPn1ML,2019-08-06 11:22:57,https://www.instagram.com/p/B00hnGPn1ML/,2019-08-06,11:22:57
143,2,38,1623776333,B00hTmNgul8,2019-08-06 11:20:17,https://www.instagram.com/p/B00hTmNgul8/,2019-08-06,11:20:17
144,0,24,931328890,B00hGF6lyY3,2019-08-06 11:18:26,https://www.instagram.com/p/B00hGF6lyY3/,2019-08-06,11:18:26
145,0,40,54051879,B00g7Y1AO7t,2019-08-06 11:16:59,https://www.instagram.com/p/B00g7Y1AO7t/,2019-08-06,11:16:59
146,12,93,1549882936,B00g5ihAZwB,2019-08-06 11:16:43,https://www.instagram.com/p/B00g5ihAZwB/,2019-08-06,11:16:43
147,5,31,1736280826,B00gzd2H64j,2019-08-06 11:15:54,https://www.instagram.com/p/B00gzd2H64j/,2019-08-06,11:15:54
148,1,30,1501998988,B00gbfggK_C,2019-08-06 11:12:37,https://www.instagram.com/p/B00gbfggK_C/,2019-08-06,11:12:37
149,0,94,529390754,B00gPienp3g,2019-08-06 11:10:59,https://www.instagram.com/p/B00gPienp3g/,2019-08-06,11:10:59
150,1,53,5743281404,B00gEW8jxUF,2019-08-06 11:09:28,https://www.instagram.com/p/B00gEW8jxUF/,2019-08-06,11:09:28
151,0,42,372950494,B00fe7_AVJg,2019-08-06 11:04:21,https://www.instagram.com/p/B00fe7_AVJg/,2019-08-06,11:04:21
152,0,30,588651389,B00fMDeA0fT,2019-08-06 11:01:47,https://www.instagram.com/p/B00fMDeA0fT/,2019-08-06,11:01:47
153,1,22,3069520824,B00fH-Lha5L,2019-08-06 11:01:13,https://www.instagram.com/p/B00fH-Lha5L/,2019-08-06,11:01:13
154,0,23,1318531800,B00fAx4B86P,2019-08-06 11:00:14,https://www.instagram.com/p/B00fAx4B86P/,2019-08-06,11:00:14
155,4,47,53237926,B00e3l1jyiE,2019-08-06 10:58:59,https://www.instagram.com/p/B00e3l1jyiE/,2019-08-06,10:58:59
156,2,55,2908447677,B00e0lUBoDe,2019-08-06 10:58:34,https://www.instagram.com/p/B00e0lUBoDe/,2019-08-06,10:58:34
157,5,36,418095374,B00ev7nnAGQ,2019-08-06 10:57:56,https://www.instagram.com/p/B00ev7nnAGQ/,2019-08-06,10:57:56
158,2,0,4213686365,B00etc1hqKy,2019-08-06 10:57:36,https://www.instagram.com/p/B00etc1hqKy/,2019-08-06,10:57:36
159,0,34,1744364825,B00eWAFF1xY,2019-08-06 10:54:24,https://www.instagram.com/p/B00eWAFF1xY/,2019-08-06,10:54:24
160,3,38,3035199527,B00eUoMg34D,2019-08-06 10:54:12,https://www.instagram.com/p/B00eUoMg34D/,2019-08-06,10:54:12
161,1,21,426824906,B00ePovAbwg,2019-08-06 10:53:32,https://www.instagram.com/p/B00ePovAbwg/,2019-08-06,10:53:32
162,9,86,1265975240,B00eFFplhIk,2019-08-06 10:52:05,https://www.instagram.com/p/B00eFFplhIk/,2019-08-06,10:52:05
163,0,40,1477711557,B00dv5ihd1D,2019-08-06 10:49:12,https://www.instagram.com/p/B00dv5ihd1D/,2019-08-06,10:49:12
164,2,39,1221603014,B00doDIAWRX,2019-08-06 10:48:07,https://www.instagram.com/p/B00doDIAWRX/,2019-08-06,10:48:07
165,0,33,41163994,B00dchGDN--,2019-08-06 10:46:33,https://www.instagram.com/p/B00dchGDN--/,2019-08-06,10:46:33
166,0,5,9652938234,B00dQDrhwNO,2019-08-06 10:44:51,https://www.instagram.com/p/B00dQDrhwNO/,2019-08-06,10:44:51
167,0,25,1625825748,B00dMUtALN_,2019-08-06 10:44:20,https://www.instagram.com/p/B00dMUtALN_/,2019-08-06,10:44:20
168,1,34,509314866,B00dLQmlhlh,2019-08-06 10:44:11,https://www.instagram.com/p/B00dLQmlhlh/,2019-08-06,10:44:11
169,0,22,4228250722,B00dEbShLrV,2019-08-06 10:43:15,https://www.instagram.com/p/B00dEbShLrV/,2019-08-06,10:43:15
170,0,42,3299680961,B00ctHNBmSD,2019-08-06 10:40:04,https://www.instagram.com/p/B00ctHNBmSD/,2019-08-06,10:40:04
171,4,57,195000421,B00cgo8n8Y9,2019-08-06 10:38:22,https://www.instagram.com/p/B00cgo8n8Y9/,2019-08-06,10:38:22
172,2,20,2138294033,B00cO84g8Ab,2019-08-06 10:35:57,https://www.instagram.com/p/B00cO84g8Ab/,2019-08-06,10:35:57
173,0,20,6049333286,B00cIGyjykW,2019-08-06 10:35:01,https://www.instagram.com/p/B00cIGyjykW/,2019-08-06,10:35:01
174,1,46,208689774,B00cCztHc4s,2019-08-06 10:34:18,https://www.instagram.com/p/B00cCztHc4s/,2019-08-06,10:34:18
175,2,36,1391941338,B00b5LjBQz0,2019-08-06 10:32:59,https://www.instagram.com/p/B00b5LjBQz0/,2019-08-06,10:32:59
176,0,8,712478940,B00byUdnTB0,2019-08-06 10:32:03,https://www.instagram.com/p/B00byUdnTB0/,2019-08-06,10:32:03
177,2,33,2152983182,B00boRDh19g,2019-08-06 10:30:40,https://www.instagram.com/p/B00boRDh19g/,2019-08-06,10:30:40
178,0,17,408532966,B00bd8WhlbJ,2019-08-06 10:29:16,https://www.instagram.com/p/B00bd8WhlbJ/,2019-08-06,10:29:16
179,0,43,1592402962,B00baH9hpDG,2019-08-06 10:28:45,https://www.instagram.com/p/B00baH9hpDG/,2019-08-06,10:28:45
180,0,41,4146746013,B00bKtQAJHd,2019-08-06 10:26:38,https://www.instagram.com/p/B00bKtQAJHd/,2019-08-06,10:26:38
181,0,64,209213029,B00bJ1eBq6M,2019-08-06 10:26:31,https://www.instagram.com/p/B00bJ1eBq6M/,2019-08-06,10:26:31
182,0,38,1446156698,B00a-NtH6L7,2019-08-06 10:24:56,https://www.instagram.com/p/B00a-NtH6L7/,2019-08-06,10:24:56
183,0,26,1015557030,B00a76PBef3,2019-08-06 10:24:37,https://www.instagram.com/p/B00a76PBef3/,2019-08-06,10:24:37
184,0,36,1093055255,B00aySwBRWT,2019-08-06 10:23:18,https://www.instagram.com/p/B00aySwBRWT/,2019-08-06,10:23:18
185,0,29,439865566,B00arLZBu15,2019-08-06 10:22:20,https://www.instagram.com/p/B00arLZBu15/,2019-08-06,10:22:20
186,0,33,2254671482,B00akqPHAhS,2019-08-06 10:21:27,https://www.instagram.com/p/B00akqPHAhS/,2019-08-06,10:21:27
187,0,25,262160918,B00ahfonyPK,2019-08-06 10:21:01,https://www.instagram.com/p/B00ahfonyPK/,2019-08-06,10:21:01
188,0,2,9392840556,B00ahIhB86W,2019-08-06 10:20:58,https://www.instagram.com/p/B00ahIhB86W/,2019-08-06,10:20:58
189,3,46,4108911323,B00ag2agtT4,2019-08-06 10:20:55,https://www.instagram.com/p/B00ag2agtT4/,2019-08-06,10:20:55
190,2,28,301679069,B00abHMhs3R,2019-08-06 10:20:08,https://www.instagram.com/p/B00abHMhs3R/,2019-08-06,10:20:08
191,0,31,53864421,B00aOyhpChd,2019-08-06 10:18:27,https://www.instagram.com/p/B00aOyhpChd/,2019-08-06,10:18:27
192,2,23,1662124415,B00Z0yGlCiE,2019-08-06 10:14:54,https://www.instagram.com/p/B00Z0yGlCiE/,2019-08-06,10:14:54
193,0,35,428651909,B00Z0eIhW-q,2019-08-06 10:14:52,https://www.instagram.com/p/B00Z0eIhW-q/,2019-08-06,10:14:52
194,5,38,304059418,B00Zu6RHG2m,2019-08-06 10:14:06,https://www.instagram.com/p/B00Zu6RHG2m/,2019-08-06,10:14:06
195,2,44,1437621147,B00ZstkgpJC,2019-08-06 10:13:48,https://www.instagram.com/p/B00ZstkgpJC/,2019-08-06,10:13:48
196,0,19,3553868064,B00ZrnNniTa,2019-08-06 10:13:39,https://www.instagram.com/p/B00ZrnNniTa/,2019-08-06,10:13:39
197,4,51,1453901031,B00ZVHzFY0Y,2019-08-06 10:10:35,https://www.instagram.com/p/B00ZVHzFY0Y/,2019-08-06,10:10:35
198,0,36,1903024929,B00ZRwgFZ7j,2019-08-06 10:10:08,https://www.instagram.com/p/B00ZRwgFZ7j/,2019-08-06,10:10:08
199,1,29,1640466429,B00ZPrAnJ4W,2019-08-06 10:09:50,https://www.instagram.com/p/B00ZPrAnJ4W/,2019-08-06,10:09:50
200,0,27,546945565,B00ZKghjLB0,2019-08-06 10:09:08,https://www.instagram.com/p/B00ZKghjLB0/,2019-08-06,10:09:08
201,0,4,3688547439,B00ZJ0_psdD,2019-08-06 10:09:03,https://www.instagram.com/p/B00ZJ0_psdD/,2019-08-06,10:09:03
202,2,23,242644997,B00ZFSkJIC0,2019-08-06 10:08:25,https://www.instagram.com/p/B00ZFSkJIC0/,2019-08-06,10:08:25
203,0,38,3074700130,B00Y_qOljvI,2019-08-06 10:07:39,https://www.instagram.com/p/B00Y_qOljvI/,2019-08-06,10:07:39
204,0,28,4206302579,B00Y95-goOH,2019-08-06 10:07:25,https://www.instagram.com/p/B00Y95-goOH/,2019-08-06,10:07:25
205,1,24,2101383303,B00Y4CLneAn,2019-08-06 10:06:37,https://www.instagram.com/p/B00Y4CLneAn/,2019-08-06,10:06:37
206,0,44,231689182,B00Y1DnhtdJ,2019-08-06 10:06:12,https://www.instagram.com/p/B00Y1DnhtdJ/,2019-08-06,10:06:12
207,0,13,2009113580,B00YziwFkGR,2019-08-06 10:06:00,https://www.instagram.com/p/B00YziwFkGR/,2019-08-06,10:06:00
208,0,39,3690444253,B00Ye5eADR3,2019-08-06 10:03:11,https://www.instagram.com/p/B00Ye5eADR3/,2019-08-06,10:03:11
209,0,16,586872142,B00X4srllvz,2019-08-06 09:57:58,https://www.instagram.com/p/B00X4srllvz/,2019-08-06,09:57:58
210,4,16,321871470,B00X1rdp4VQ,2019-08-06 09:57:33,https://www.instagram.com/p/B00X1rdp4VQ/,2019-08-06,09:57:33
211,2,26,1245712614,B00XoVilZC1,2019-08-06 09:55:44,https://www.instagram.com/p/B00XoVilZC1/,2019-08-06,09:55:44
212,6,23,1273738482,B00Xnj_hupj,2019-08-06 09:55:38,https://www.instagram.com/p/B00Xnj_hupj/,2019-08-06,09:55:38
213,0,11,236528902,B00XmLdnYzu,2019-08-06 09:55:26,https://www.instagram.com/p/B00XmLdnYzu/,2019-08-06,09:55:26
214,0,44,1247810387,B00XinVA3-c,2019-08-06 09:54:57,https://www.instagram.com/p/B00XinVA3-c/,2019-08-06,09:54:57
215,0,23,2878209051,B00XV-OHsSi,2019-08-06 09:53:13,https://www.instagram.com/p/B00XV-OHsSi/,2019-08-06,09:53:13
216,5,49,645578366,B00XOIsAxPo,2019-08-06 09:52:09,https://www.instagram.com/p/B00XOIsAxPo/,2019-08-06,09:52:09
217,0,42,2077387129,B00XLQeDM7u,2019-08-06 09:51:46,https://www.instagram.com/p/B00XLQeDM7u/,2019-08-06,09:51:46
218,5,42,46333070,B00W13HBcqs,2019-08-06 09:48:50,https://www.instagram.com/p/B00W13HBcqs/,2019-08-06,09:48:50
219,3,4,12885072082,B00W0H2AcUO,2019-08-06 09:48:36,https://www.instagram.com/p/B00W0H2AcUO/,2019-08-06,09:48:36
220,22,231,8727010621,B00T0eQAd5g,2019-08-06 09:22:54,https://www.instagram.com/p/B00T0eQAd5g/,2019-08-06,09:22:54
221,0,14,1156294253,B00FgP8BLXt,2019-08-06 07:17:20,https://www.instagram.com/p/B00FgP8BLXt/,2019-08-06,07:17:20
222,4,247,6962813839,B0z_GN9AOWF,2019-08-06 06:21:36,https://www.instagram.com/p/B0z_GN9AOWF/,2019-08-06,06:21:36
223,12,67,200486180,B0zjUg_AxSJ,2019-08-06 02:18:39,https://www.instagram.com/p/B0zjUg_AxSJ/,2019-08-06,02:18:39
224,5,64,4627100922,B0zg41KgBSM,2019-08-06 01:57:23,https://www.instagram.com/p/B0zg41KgBSM/,2019-08-06,01:57:23
225,4,184,4136619757,B0zYbbiHLyC,2019-08-06 00:43:28,https://www.instagram.com/p/B0zYbbiHLyC/,2019-08-06,00:43:28
226,1,27,2211647796,B0ywm3iAHkO,2019-08-05 18:55:30,https://www.instagram.com/p/B0ywm3iAHkO/,2019-08-05,18:55:30
227,1,75,807442377,B0yjTJ3gR81,2019-08-05 16:59:13,https://www.instagram.com/p/B0yjTJ3gR81/,2019-08-05,16:59:13
228,4,47,1487710312,B0yik_LAq_Q,2019-08-05 16:53:12,https://www.instagram.com/p/B0yik_LAq_Q/,2019-08-05,16:53:12
229,0,9,6308068525,B0ycVLpASGC,2019-08-05 15:58:20,https://www.instagram.com/p/B0ycVLpASGC/,2019-08-05,15:58:20
230,0,3,3116368364,B0yQsp4nOj3,2019-08-05 14:16:40,https://www.instagram.com/p/B0yQsp4nOj3/,2019-08-05,14:16:40
231,44,1168,542634023,B0yQQn4HFPE,2019-08-05 14:12:51,https://www.instagram.com/p/B0yQQn4HFPE/,2019-08-05,14:12:51
232,4,264,8727010621,B0yK6UlguJO,2019-08-05 13:26:07,https://www.instagram.com/p/B0yK6UlguJO/,2019-08-05,13:26:07
233,0,3,3116368364,B0yBTYonCkM,2019-08-05 12:02:51,https://www.instagram.com/p/B0yBTYonCkM/,2019-08-05,12:02:51
234,1,28,1501998988,B0xtfrVgKfg,2019-08-05 09:09:04,https://www.instagram.com/p/B0xtfrVgKfg/,2019-08-05,09:09:04
235,4,21,12821049615,B0xqOKJAaDz,2019-08-05 08:40:28,https://www.instagram.com/p/B0xqOKJAaDz/,2019-08-05,08:40:28
236,243,47686,48294511,B0xm84RDTYG,2019-08-05 08:11:53,https://www.instagram.com/p/B0xm84RDTYG/,2019-08-05,08:11:53
237,0,99,8727010621,B0xmwP8gFAr,2019-08-05 08:10:10,https://www.instagram.com/p/B0xmwP8gFAr/,2019-08-05,08:10:10
238,7,138,1402514016,B0xEwo9gkVf,2019-08-05 03:21:27,https://www.instagram.com/p/B0xEwo9gkVf/,2019-08-05,03:21:27
239,3,122,1476213065,B0w_liSBbCB,2019-08-05 02:27:55,https://www.instagram.com/p/B0w_liSBbCB/,2019-08-05,02:27:55
240,4,52,1133573070,B0wZMalnmKu,2019-08-04 20:52:26,https://www.instagram.com/p/B0wZMalnmKu/,2019-08-04,20:52:26
241,19,129,1693040205,B0wOVH9n-BV,2019-08-04 19:33:20,https://www.instagram.com/p/B0wOVH9n-BV/,2019-08-04,19:33:20
242,0,7,10739169882,B0wFUSfJJvk,2019-08-04 17:58:45,https://www.instagram.com/p/B0wFUSfJJvk/,2019-08-04,17:58:45
243,1,236,6962813839,B0voa_2gagA,2019-08-04 13:51:43,https://www.instagram.com/p/B0voa_2gagA/,2019-08-04,13:51:43
244,10,122,8727010621,B0vJl6AA-k8,2019-08-04 09:16:52,https://www.instagram.com/p/B0vJl6AA-k8/,2019-08-04,09:16:52
245,0,87,8727010621,B0u8J7JgD-2,2019-08-04 07:19:58,https://www.instagram.com/p/B0u8J7JgD-2/,2019-08-04,07:19:58
246,0,25,11854141872,B0ut9gRHEeD,2019-08-04 05:15:25,https://www.instagram.com/p/B0ut9gRHEeD/,2019-08-04,05:15:25
247,0,13,8234192103,B0uMqVmnvAd,2019-08-04 00:24:27,https://www.instagram.com/p/B0uMqVmnvAd/,2019-08-04,00:24:27
248,109,382,8727010621,B0s-ddhgmdU,2019-08-03 13:01:07,https://www.instagram.com/p/B0s-ddhgmdU/,2019-08-03,13:01:07
249,3,1684,1700245823,B0s9gv3llN4,2019-08-03 12:52:49,https://www.instagram.com/p/B0s9gv3llN4/,2019-08-03,12:52:49
250,11,679,637931448,B0s7istg9x6,2019-08-03 12:35:37,https://www.instagram.com/p/B0s7istg9x6/,2019-08-03,12:35:37
251,1,12,6745810286,B0s1hp0FRSa,2019-08-03 11:43:02,https://www.instagram.com/p/B0s1hp0FRSa/,2019-08-03,11:43:02
252,31,546,729745618,B0s0guThRlB,2019-08-03 11:35:26,https://www.instagram.com/p/B0s0guThRlB/,2019-08-03,11:35:26
253,1,172,190407408,B0su8vYHblG,2019-08-03 10:45:34,https://www.instagram.com/p/B0su8vYHblG/,2019-08-03,10:45:34
254,2,132,6809981030,B0src6Ygsk2,2019-08-03 10:15:01,https://www.instagram.com/p/B0src6Ygsk2/,2019-08-03,10:15:01
255,17,186,352509139,B0sqHE0nEdP,2019-08-03 10:03:17,https://www.instagram.com/p/B0sqHE0nEdP/,2019-08-03,10:03:17
256,2,39,1501998988,B0spKPagKjr,2019-08-03 09:54:59,https://www.instagram.com/p/B0spKPagKjr/,2019-08-03,09:54:59
257,8,1445,1700245823,B0sXTB5FoX2,2019-08-03 07:18:54,https://www.instagram.com/p/B0sXTB5FoX2/,2019-08-03,07:18:54
258,53,11413,48294511,B0sU_LUjt28,2019-08-03 06:58:59,https://www.instagram.com/p/B0sU_LUjt28/,2019-08-03,06:58:59
259,15,274,8727010621,B0sSk33gAfi,2019-08-03 06:38:09,https://www.instagram.com/p/B0sSk33gAfi/,2019-08-03,06:38:09
260,25,857,6962813839,B0sD-BsgyyF,2019-08-03 04:30:00,https://www.instagram.com/p/B0sD-BsgyyF/,2019-08-03,04:30:00
261,7,76,206501915,B0r6OuUgfyU,2019-08-03 03:04:54,https://www.instagram.com/p/B0r6OuUgfyU/,2019-08-03,03:04:54
262,0,10,11197228665,B0r4BSKnYvH,2019-08-03 02:45:36,https://www.instagram.com/p/B0r4BSKnYvH/,2019-08-03,02:45:36
263,0,16,2273452700,B0rzIKiFyua,2019-08-03 02:02:51,https://www.instagram.com/p/B0rzIKiFyua/,2019-08-03,02:02:51
264,0,4,697929045,B0q0MgtnceS,2019-08-02 16:52:56,https://www.instagram.com/p/B0q0MgtnceS/,2019-08-02,16:52:56
265,0,6,697929045,B0qzovIn3Ut,2019-08-02 16:48:03,https://www.instagram.com/p/B0qzovIn3Ut/,2019-08-02,16:48:03
266,10,1831,1700245823,B0qhKhBFp5-,2019-08-02 14:06:38,https://www.instagram.com/p/B0qhKhBFp5-/,2019-08-02,14:06:38
267,1,86,907404,B0qcJooAQat,2019-08-02 13:22:50,https://www.instagram.com/p/B0qcJooAQat/,2019-08-02,13:22:50
268,1,15,7596744598,B0qSBL5g6ES,2019-08-02 11:54:17,https://www.instagram.com/p/B0qSBL5g6ES/,2019-08-02,11:54:17
269,2,9,6266524374,B0qQuPfnMLm,2019-08-02 11:42:58,https://www.instagram.com/p/B0qQuPfnMLm/,2019-08-02,11:42:58
270,24,1300,542634023,B0qH2vnnkjO,2019-08-02 10:25:29,https://www.instagram.com/p/B0qH2vnnkjO/,2019-08-02,10:25:29
271,2,295,6962813839,B0qDHYjgvmE,2019-08-02 09:44:04,https://www.instagram.com/p/B0qDHYjgvmE/,2019-08-02,09:44:04
272,1,39,1501998988,B0qCCudgKJU,2019-08-02 09:34:41,https://www.instagram.com/p/B0qCCudgKJU/,2019-08-02,09:34:41
273,1,9,15861646740,B0p7-2zgKeL,2019-08-02 08:41:44,https://www.instagram.com/p/B0p7-2zgKeL/,2019-08-02,08:41:44
274,10,282,8727010621,B0p4R46g8Sc,2019-08-02 08:09:23,https://www.instagram.com/p/B0p4R46g8Sc/,2019-08-02,08:09:23
275,0,0,4546426338,B0pz9zcHliJ,2019-08-02 07:31:41,https://www.instagram.com/p/B0pz9zcHliJ/,2019-08-02,07:31:41
276,0,3,6236727284,B0pztRDjgJk,2019-08-02 07:29:26,https://www.instagram.com/p/B0pztRDjgJk/,2019-08-02,07:29:26
277,1,97,1183545034,B0prl57hNr9,2019-08-02 06:18:31,https://www.instagram.com/p/B0prl57hNr9/,2019-08-02,06:18:31
278,3,25,39581864,B0olylCFRiP,2019-08-01 20:08:35,https://www.instagram.com/p/B0olylCFRiP/,2019-08-01,20:08:35
279,1,7,8567141502,B0oZCTnHsbc,2019-08-01 18:17:08,https://www.instagram.com/p/B0oZCTnHsbc/,2019-08-01,18:17:08
280,5,318,6962813839,B0nx_kagbWZ,2019-08-01 12:35:58,https://www.instagram.com/p/B0nx_kagbWZ/,2019-08-01,12:35:58
281,4,18,3065745157,B0nlLmDHpbN,2019-08-01 10:44:01,https://www.instagram.com/p/B0nlLmDHpbN/,2019-08-01,10:44:01
282,15,153,214097677,B0nlCIVHuz0,2019-08-01 10:42:43,https://www.instagram.com/p/B0nlCIVHuz0/,2019-08-01,10:42:43
283,3,222,1671258519,B0nky_xAzFk,2019-08-01 10:40:39,https://www.instagram.com/p/B0nky_xAzFk/,2019-08-01,10:40:39
284,1,39,1501998988,B0nkds2gKgK,2019-08-01 10:37:45,https://www.instagram.com/p/B0nkds2gKgK/,2019-08-01,10:37:45
285,18,288,8727010621,B0njUUngCFE,2019-08-01 10:27:44,https://www.instagram.com/p/B0njUUngCFE/,2019-08-01,10:27:44
286,55,736,1095601834,B0nVGM-FedA,2019-08-01 08:23:28,https://www.instagram.com/p/B0nVGM-FedA/,2019-08-01,08:23:28
287,36,407,8727010621,B0nCjBhAqer,2019-08-01 05:41:23,https://www.instagram.com/p/B0nCjBhAqer/,2019-08-01,05:41:23
288,5,11,8108378761,B0mG01pheed,2019-07-31 20:59:31,https://www.instagram.com/p/B0mG01pheed/,2019-07-31,20:59:31
289,124,520,8727010621,B0lUxiKg5rr,2019-07-31 13:42:10,https://www.instagram.com/p/B0lUxiKg5rr/,2019-07-31,13:42:10
290,24,224,1313411,B0lE8HbgD5j,2019-07-31 11:23:48,https://www.instagram.com/p/B0lE8HbgD5j/,2019-07-31,11:23:48
291,1,30,1501998988,B0lDgcnA0vs,2019-07-31 11:11:17,https://www.instagram.com/p/B0lDgcnA0vs/,2019-07-31,11:11:17
292,21,148,8727010621,B0k1VptAK7y,2019-07-31 09:09:15,https://www.instagram.com/p/B0k1VptAK7y/,2019-07-31,09:09:15
293,49,3175,3057432082,B0ktrQBAmN4,2019-07-31 08:00:31,https://www.instagram.com/p/B0ktrQBAmN4/,2019-07-31,08:00:31
294,120,328,8727010621,B0keK_YgytL,2019-07-31 05:45:03,https://www.instagram.com/p/B0keK_YgytL/,2019-07-31,05:45:03
295,2,130,8727010621,B0i3UrMAVxU,2019-07-30 14:46:37,https://www.instagram.com/p/B0i3UrMAVxU/,2019-07-30,14:46:37
296,0,34,8898492,B0i1y53gyJu,2019-07-30 14:32:59,https://www.instagram.com/p/B0i1y53gyJu/,2019-07-30,14:32:59
297,2,56,1958194103,B0iwcTAjC-H,2019-07-30 13:55:16,https://www.instagram.com/p/B0iwcTAjC-H/,2019-07-30,13:55:16
298,18,139,8727010621,B0iwsDugDP6,2019-07-30 13:48:37,https://www.instagram.com/p/B0iwsDugDP6/,2019-07-30,13:48:37
299,0,51,8727010621,B0irwfAgSRR,2019-07-30 13:05:38,https://www.instagram.com/p/B0irwfAgSRR/,2019-07-30,13:05:38
300,109,1189,4159656661,B0iqV3AhDbM,2019-07-30 12:52:54,https://www.instagram.com/p/B0iqV3AhDbM/,2019-07-30,12:52:54
301,1,35,1501998988,B0igsCJgaPE,2019-07-30 11:28:33,https://www.instagram.com/p/B0igsCJgaPE/,2019-07-30,11:28:33
302,1,10,15401819587,B0iXTxVnIlm,2019-07-30 10:06:49,https://www.instagram.com/p/B0iXTxVnIlm/,2019-07-30,10:06:49
303,33,173,8727010621,B0iV_6zAvu_,2019-07-30 09:55:09,https://www.instagram.com/p/B0iV_6zAvu_/,2019-07-30,09:55:09
304,125,560,8727010621,B0iFYoyAfPT,2019-07-30 07:29:58,https://www.instagram.com/p/B0iFYoyAfPT/,2019-07-30,07:29:58
305,0,53,2316604141,B0hxVKHAD34,2019-07-30 04:34:44,https://www.instagram.com/p/B0hxVKHAD34/,2019-07-30,04:34:44
306,0,213,6962813839,B0hstzHgF2m,2019-07-30 03:55:19,https://www.instagram.com/p/B0hstzHgF2m/,2019-07-30,03:55:19
307,0,8,10739169882,B0hjb_yJjo6,2019-07-30 02:33:20,https://www.instagram.com/p/B0hjb_yJjo6/,2019-07-30,02:33:20
308,2,28,10739169882,B0hizS6JXsW,2019-07-30 02:27:47,https://www.instagram.com/p/B0hizS6JXsW/,2019-07-30,02:27:47
309,2,245,17757183,B0hdjJNH5IA,2019-07-30 01:41:53,https://www.instagram.com/p/B0hdjJNH5IA/,2019-07-30,01:41:53
310,3,33,8978740933,B0gckcjgzGJ,2019-07-29 16:15:47,https://www.instagram.com/p/B0gckcjgzGJ/,2019-07-29,16:15:47
311,3,269,8727010621,B0gJJC-AXui,2019-07-29 13:28:23,https://www.instagram.com/p/B0gJJC-AXui/,2019-07-29,13:28:23
312,2,38,1778478101,B0gIE6yDoJi,2019-07-29 13:15:35,https://www.instagram.com/p/B0gIE6yDoJi/,2019-07-29,13:15:35
313,61,10625,48294511,B0gANe6DC1_,2019-07-29 12:06:38,https://www.instagram.com/p/B0gANe6DC1_/,2019-07-29,12:06:38
314,11,291,8727010621,B0f_wP6g8R-,2019-07-29 12:02:17,https://www.instagram.com/p/B0f_wP6g8R-/,2019-07-29,12:02:17
315,1,39,1501998988,B0f6p2egVp5,2019-07-29 11:17:43,https://www.instagram.com/p/B0f6p2egVp5/,2019-07-29,11:17:43
316,36,141,189368610,B0fubnIHaBT,2019-07-29 09:33:46,https://www.instagram.com/p/B0fubnIHaBT/,2019-07-29,09:33:46
317,12,53,11854141872,B0fe1VTgfkw,2019-07-29 07:14:37,https://www.instagram.com/p/B0fe1VTgfkw/,2019-07-29,07:14:37
318,47,2651,1700245823,B0fe0khlvix,2019-07-29 07:14:31,https://www.instagram.com/p/B0fe0khlvix/,2019-07-29,07:14:31
319,0,123,8727010621,B0fB5sBgES5,2019-07-29 03:01:49,https://www.instagram.com/p/B0fB5sBgES5/,2019-07-29,03:01:49
320,3,95,8727010621,B0e_eAQAJc1,2019-07-29 02:40:33,https://www.instagram.com/p/B0e_eAQAJc1/,2019-07-29,02:40:33
321,0,143,17757183,B0e4jOan3T7,2019-07-29 01:40:06,https://www.instagram.com/p/B0e4jOan3T7/,2019-07-29,01:40:06
322,0,91,8727010621,B0e0j0BAjFX,2019-07-29 01:05:14,https://www.instagram.com/p/B0e0j0BAjFX/,2019-07-29,01:05:14
323,0,117,8727010621,B0exYDqgx56,2019-07-29 00:37:25,https://www.instagram.com/p/B0exYDqgx56/,2019-07-29,00:37:25
324,1,223,8727010621,B0es1d4gAyv,2019-07-28 23:57:44,https://www.instagram.com/p/B0es1d4gAyv/,2019-07-28,23:57:44
325,1,136,8727010621,B0dwTIPAVSL,2019-07-28 15:08:45,https://www.instagram.com/p/B0dwTIPAVSL/,2019-07-28,15:08:45
326,79,23979,48294511,B0dX8xSDDD7,2019-07-28 11:35:59,https://www.instagram.com/p/B0dX8xSDDD7/,2019-07-28,11:35:59
327,15,138,8727010621,B0bOuAlA7aT,2019-07-27 15:39:46,https://www.instagram.com/p/B0bOuAlA7aT/,2019-07-27,15:39:46
328,0,97,8727010621,B0bJbAgAyEK,2019-07-27 15:00:25,https://www.instagram.com/p/B0bJbAgAyEK/,2019-07-27,15:00:25
329,9,158,1907262701,B0asDX5pRVw,2019-07-27 10:33:56,https://www.instagram.com/p/B0asDX5pRVw/,2019-07-27,10:33:56
330,0,37,339296300,B0ae6sihU1A,2019-07-27 08:39:09,https://www.instagram.com/p/B0ae6sihU1A/,2019-07-27,08:39:09
331,13,332,8727010621,B0aD51vAcgO,2019-07-27 04:43:06,https://www.instagram.com/p/B0aD51vAcgO/,2019-07-27,04:43:06
332,0,2,5901307041,B0Y2uQ1HkJD,2019-07-26 17:28:41,https://www.instagram.com/p/B0Y2uQ1HkJD/,2019-07-26,17:28:41
333,0,32,2211647796,B0YwDpiA7eh,2019-07-26 16:30:26,https://www.instagram.com/p/B0YwDpiA7eh/,2019-07-26,16:30:26
334,0,36,1611062595,B0YQh_GAEys,2019-07-26 11:55:48,https://www.instagram.com/p/B0YQh_GAEys/,2019-07-26,11:55:48
335,1,239,6962813839,B0YC4fogBcb,2019-07-26 09:55:42,https://www.instagram.com/p/B0YC4fogBcb/,2019-07-26,09:55:42
336,0,8,3184910401,B0XzB_CJN32,2019-07-26 07:37:11,https://www.instagram.com/p/B0XzB_CJN32/,2019-07-26,07:37:11
337,5,127,8727010621,B0XmbXBAe8P,2019-07-26 05:47:03,https://www.instagram.com/p/B0XmbXBAe8P/,2019-07-26,05:47:03
338,0,16,11854141872,B0XQyMgAhux,2019-07-26 02:37:56,https://www.instagram.com/p/B0XQyMgAhux/,2019-07-26,02:37:56
339,19,1071,2054920923,B0XBGT7JKEt,2019-07-26 00:20:52,https://www.instagram.com/p/B0XBGT7JKEt/,2019-07-26,00:20:52
340,5,166,8727010621,B0V5VMPgXaL,2019-07-25 13:53:45,https://www.instagram.com/p/B0V5VMPgXaL/,2019-07-25,13:53:45
341,17,267,8727010621,B0Vj0ZPAN6_,2019-07-25 10:45:47,https://www.instagram.com/p/B0Vj0ZPAN6_/,2019-07-25,10:45:47
342,0,176,6962813839,B0VStLpAA2A,2019-07-25 08:16:32,https://www.instagram.com/p/B0VStLpAA2A/,2019-07-25,08:16:32
343,0,85,8727010621,B0VOjTPAoQv,2019-07-25 07:40:34,https://www.instagram.com/p/B0VOjTPAoQv/,2019-07-25,07:40:34
344,2,85,8727010621,B0U9BVHgo9L,2019-07-25 05:09:37,https://www.instagram.com/p/B0U9BVHgo9L/,2019-07-25,05:09:37
345,4,366,6962813839,B0U6pDDAF3-,2019-07-25 04:45:58,https://www.instagram.com/p/B0U6pDDAF3-/,2019-07-25,04:45:58
346,6,222,3030877681,B0TXSVbgN48,2019-07-24 14:17:47,https://www.instagram.com/p/B0TXSVbgN48/,2019-07-24,14:17:47
347,16,298,8727010621,B0TFkItAgdW,2019-07-24 11:42:56,https://www.instagram.com/p/B0TFkItAgdW/,2019-07-24,11:42:56
348,12,279,8727010621,B0S8XYGAKIo,2019-07-24 10:41:31,https://www.instagram.com/p/B0S8XYGAKIo/,2019-07-24,10:41:31
349,82,1154,4159656661,B0SdiuXB2_k,2019-07-24 05:53:13,https://www.instagram.com/p/B0SdiuXB2_k/,2019-07-24,05:53:13
350,0,11,8978740933,Byt0h9wA__q,2019-06-15 03:50:48,https://www.instagram.com/p/Byt0h9wA__q/,2019-06-15,03:50:48
351,4,24,8978740933,BxqJndLhy7x,2019-05-19 21:06:41,https://www.instagram.com/p/BxqJndLhy7x/,2019-05-19,21:06:41
352,0,20,8978740933,BxmvVh8hwpa,2019-05-18 13:19:20,https://www.instagram.com/p/BxmvVh8hwpa/,2019-05-18,13:19:20
